[
  {
    "": "0",
    "Food Item ID": "",
    "Country, region": "sampling place",
    "Foodname in own language": "",
    "Foodname in English": "",
    "Processing": "r: raw, d: dried, p: processed",
    "Scientific name": "",
    "Season": "sampling season",
    "Other": "additional information on factors influencing the nutrient composition",
    "n": "number of independent analytical samples",
    "Comments on data processing/methods": "",
    "Publication year": "",
    "BiblioID": "",
    "Compiler ID": "",
    "Latest Revision in Version": "",
    "WATER(g)": "",
    "XN": "",
    "PROTCNT(g)": "",
    "PROT-(g)": "",
    "FATCE(g)": "",
    "FAT-(g)": "",
    "FAUN(g)": "",
    "CHOAVLDF(g)": "",
    "CHOTDF(g)": "",
    "AMYS(g)": "",
    "FIBC(g)": "",
    "FIB-(g)": "",
    "ASH(g)": "",
    "CA(mg)": "",
    "CU(mg)": "",
    "FE(mg)": "",
    "K(mg)": "",
    "MG(mg)": "",
    "NA(mg)": "",
    "P(mg)": "",
    "ZN(mg)": "",
    "THIA(mg)": "",
    "RIBF(mg)": "",
    "NIA-(mg)": "",
    "FRUS(g)": "",
    "GLUS(g)": "",
    "XYLS(g)": "",
    "MALS(g)": "",
    "GALS(g)": "",
    "RIBS(g)": "",
    "WAX(g)": "",
    "FAFRE(g)": "",
    "MGLY(g)": "",
    "DGLY(g)": "",
    "TGLY(g)": "",
    "PHOAC(g)": "",
    "PHOSER(g)": "",
    "PHOETHN(g)": "",
    "PHOINOTL(g)": "",
    "CHLNP(g)": "",
    "F12D0(g)": "",
    "F13D0(g)": "",
    "F14D0(g)": "",
    "F15D0(g)": "",
    "F16D0(g)": "",
    "F17D0(g)": "",
    "F18D0(g)": "",
    "F20D0(g)": "",
    "F21D0(g)": "",
    "F22D0(g)": "",
    "F24D0(g)": "",
    "F16D1(g)": "",
    "F18D1(g)": "",
    "F20D1(g)": "",
    "F22D1(g)": "",
    "F24D1(g)": "",
    "F16D2(g)": "",
    "F18D2(g)": "",
    "F20D2(g)": "",
    "F22D2(g)": "",
    "F18D3(g)": "",
    "ALA(mg)": "",
    "ARG(mg)": "",
    "ASN(mg)": "",
    "CYS(mg)": "",
    "GLU(mg)": "",
    "GLY(mg)": "",
    "HIS(mg)": "",
    "ILE(mg)": "",
    "LEU(mg)": "",
    "LYS(mg)": "",
    "MET(mg)": "",
    "PHE(mg)": "",
    "PRO(mg)": "",
    "SER(mg)": "",
    "THR(mg)": "",
    "TRP(mg)": "",
    "TYR(mg)": "",
    "VAL(mg)": "",
    "AAA(mg)": "",
    "MN(mg)": "",
    "Unnamed: 95": "",
    "Unnamed: 96": "",
    "Unnamed: 97": "",
    "Unnamed: 98": "",
    "Unnamed: 99": "",
    "Unnamed: 100": "",
    "Unnamed: 101": "",
    "Unnamed: 102": "",
    "Unnamed: 103": "",
    "Unnamed: 104": "",
    "Unnamed: 105": "",
    "Unnamed: 106": "",
    "Unnamed: 107": "",
    "Unnamed: 108": "",
    "Unnamed: 109": "",
    "Unnamed: 110": "",
    "Unnamed: 111": "",
    "Unnamed: 112": "",
    "Unnamed: 113": "",
    "Unnamed: 114": "",
    "Unnamed: 115": "",
    "Unnamed: 116": "",
    "Unnamed: 117": "",
    "Unnamed: 118": "",
    "Unnamed: 119": "",
    "Unnamed: 120": "",
    "Unnamed: 121": "",
    "Unnamed: 122": "",
    "Unnamed: 123": "",
    "Unnamed: 124": "",
    "Unnamed: 125": "",
    "Unnamed: 126": "",
    "Unnamed: 127": "",
    "Unnamed: 128": "",
    "Unnamed: 129": "",
    "Unnamed: 130": "",
    "Unnamed: 131": "",
    "Unnamed: 132": "",
    "Unnamed: 133": "",
    "Unnamed: 134": "",
    "Unnamed: 135": "",
    "Unnamed: 136": "",
    "Unnamed: 137": "",
    "Unnamed: 138": "",
    "Unnamed: 139": "",
    "Unnamed: 140": "",
    "Unnamed: 141": "",
    "Unnamed: 142": "",
    "Unnamed: 143": "",
    "Unnamed: 144": "",
    "Unnamed: 145": "",
    "Unnamed: 146": "",
    "Unnamed: 147": "",
    "Unnamed: 148": "",
    "Unnamed: 149": "",
    "Unnamed: 150": "",
    "Unnamed: 151": "",
    "Unnamed: 152": "",
    "Unnamed: 153": "",
    "Unnamed: 154": "",
    "Unnamed: 155": "",
    "Unnamed: 156": "",
    "Unnamed: 157": "",
    "Unnamed: 158": "",
    "Unnamed: 159": "",
    "Unnamed: 160": "",
    "Unnamed: 161": "",
    "Unnamed: 162": "",
    "Unnamed: 163": "",
    "Unnamed: 164": "",
    "Unnamed: 165": "",
    "Unnamed: 166": "",
    "Unnamed: 167": "",
    "Unnamed: 168": "",
    "Unnamed: 169": "",
    "Unnamed: 170": "",
    "Unnamed: 171": "",
    "Unnamed: 172": "",
    "Unnamed: 173": "",
    "Unnamed: 174": "",
    "Unnamed: 175": "",
    "Unnamed: 176": "",
    "Unnamed: 177": "",
    "Unnamed: 178": "",
    "Unnamed: 179": "",
    "Unnamed: 180": "",
    "Unnamed: 181": "",
    "Unnamed: 182": "",
    "Unnamed: 183": "",
    "Unnamed: 184": "",
    "Unnamed: 185": "",
    "Unnamed: 186": "",
    "Unnamed: 187": "",
    "Unnamed: 188": "",
    "Unnamed: 189": "",
    "Unnamed: 190": "",
    "Unnamed: 191": "",
    "Unnamed: 192": "",
    "Unnamed: 193": "",
    "Unnamed: 194": "",
    "Unnamed: 195": "",
    "Unnamed: 196": "",
    "Unnamed: 197": "",
    "Unnamed: 198": "",
    "Unnamed: 199": "",
    "Unnamed: 200": "",
    "Unnamed: 201": "",
    "Unnamed: 202": "",
    "Unnamed: 203": "",
    "Unnamed: 204": "",
    "Unnamed: 205": "",
    "Unnamed: 206": "",
    "Unnamed: 207": "",
    "Unnamed: 208": "",
    "Unnamed: 209": "",
    "Unnamed: 210": "",
    "Unnamed: 211": "",
    "Unnamed: 212": "",
    "Unnamed: 213": "",
    "Unnamed: 214": "",
    "Unnamed: 215": "",
    "Unnamed: 216": "",
    "Unnamed: 217": "",
    "Unnamed: 218": "",
    "Unnamed: 219": "",
    "Unnamed: 220": "",
    "Unnamed: 221": "",
    "Unnamed: 222": "",
    "Unnamed: 223": "",
    "Unnamed: 224": "",
    "Unnamed: 225": "",
    "Unnamed: 226": "",
    "Unnamed: 227": "",
    "Unnamed: 228": "",
    "Unnamed: 229": "",
    "Unnamed: 230": "",
    "Unnamed: 231": "",
    "Unnamed: 232": "",
    "Unnamed: 233": "",
    "Unnamed: 234": "",
    "Unnamed: 235": "",
    "Unnamed: 236": "",
    "Unnamed: 237": "",
    "Unnamed: 238": "",
    "Unnamed: 239": "",
    "Unnamed: 240": "",
    "Unnamed: 241": "",
    "Unnamed: 242": "",
    "Unnamed: 243": "",
    "Unnamed: 244": "",
    "Unnamed: 245": "",
    "Unnamed: 246": "",
    "Unnamed: 247": "",
    "Unnamed: 248": ""
  },
  {
    "": "1",
    "Food Item ID": "",
    "Country, region": "",
    "Foodname in own language": "",
    "Foodname in English": "",
    "Processing": "",
    "Scientific name": "",
    "Season": "",
    "Other": "",
    "n": "",
    "Comments on data processing/methods": "",
    "Publication year": "",
    "BiblioID": "",
    "Compiler ID": "",
    "Latest Revision in Version": "",
    "WATER(g)": "12.0",
    "XN": "",
    "PROTCNT(g)": "",
    "PROT-(g)": "",
    "FATCE(g)": "",
    "FAT-(g)": "",
    "FAUN(g)": "",
    "CHOAVLDF(g)": "",
    "CHOTDF(g)": "",
    "AMYS(g)": "",
    "FIBC(g)": "",
    "FIB-(g)": "",
    "ASH(g)": "",
    "CA(mg)": "12",
    "CU(mg)": "12.0",
    "FE(mg)": "",
    "K(mg)": "12.0",
    "MG(mg)": "12.0",
    "NA(mg)": "12",
    "P(mg)": "12.0",
    "ZN(mg)": "12.0",
    "THIA(mg)": "",
    "RIBF(mg)": "",
    "NIA-(mg)": "",
    "FRUS(g)": "",
    "GLUS(g)": "",
    "XYLS(g)": "",
    "MALS(g)": "",
    "GALS(g)": "",
    "RIBS(g)": "",
    "WAX(g)": "",
    "FAFRE(g)": "",
    "MGLY(g)": "",
    "DGLY(g)": "",
    "TGLY(g)": "",
    "PHOAC(g)": "",
    "PHOSER(g)": "",
    "PHOETHN(g)": "",
    "PHOINOTL(g)": "",
    "CHLNP(g)": "",
    "F12D0(g)": "",
    "F13D0(g)": "",
    "F14D0(g)": "",
    "F15D0(g)": "",
    "F16D0(g)": "",
    "F17D0(g)": "",
    "F18D0(g)": "",
    "F20D0(g)": "",
    "F21D0(g)": "",
    "F22D0(g)": "",
    "F24D0(g)": "",
    "F16D1(g)": "",
    "F18D1(g)": "",
    "F20D1(g)": "",
    "F22D1(g)": "",
    "F24D1(g)": "",
    "F16D2(g)": "",
    "F18D2(g)": "",
    "F20D2(g)": "",
    "F22D2(g)": "",
    "F18D3(g)": "",
    "ALA(mg)": "",
    "ARG(mg)": "",
    "ASN(mg)": "",
    "CYS(mg)": "",
    "GLU(mg)": "",
    "GLY(mg)": "",
    "HIS(mg)": "",
    "ILE(mg)": "",
    "LEU(mg)": "",
    "LYS(mg)": "",
    "MET(mg)": "",
    "PHE(mg)": "",
    "PRO(mg)": "",
    "SER(mg)": "",
    "THR(mg)": "",
    "TRP(mg)": "",
    "TYR(mg)": "",
    "VAL(mg)": "",
    "AAA(mg)": "",
    "MN(mg)": "12.0",
    "Unnamed: 95": "",
    "Unnamed: 96": "",
    "Unnamed: 97": "",
    "Unnamed: 98": "",
    "Unnamed: 99": "",
    "Unnamed: 100": "",
    "Unnamed: 101": "",
    "Unnamed: 102": "",
    "Unnamed: 103": "",
    "Unnamed: 104": "",
    "Unnamed: 105": "",
    "Unnamed: 106": "",
    "Unnamed: 107": "",
    "Unnamed: 108": "",
    "Unnamed: 109": "",
    "Unnamed: 110": "",
    "Unnamed: 111": "",
    "Unnamed: 112": "",
    "Unnamed: 113": "",
    "Unnamed: 114": "",
    "Unnamed: 115": "",
    "Unnamed: 116": "",
    "Unnamed: 117": "",
    "Unnamed: 118": "",
    "Unnamed: 119": "",
    "Unnamed: 120": "",
    "Unnamed: 121": "",
    "Unnamed: 122": "",
    "Unnamed: 123": "",
    "Unnamed: 124": "",
    "Unnamed: 125": "",
    "Unnamed: 126": "",
    "Unnamed: 127": "",
    "Unnamed: 128": "",
    "Unnamed: 129": "",
    "Unnamed: 130": "",
    "Unnamed: 131": "",
    "Unnamed: 132": "",
    "Unnamed: 133": "",
    "Unnamed: 134": "",
    "Unnamed: 135": "",
    "Unnamed: 136": "",
    "Unnamed: 137": "",
    "Unnamed: 138": "",
    "Unnamed: 139": "",
    "Unnamed: 140": "",
    "Unnamed: 141": "",
    "Unnamed: 142": "",
    "Unnamed: 143": "",
    "Unnamed: 144": "",
    "Unnamed: 145": "",
    "Unnamed: 146": "",
    "Unnamed: 147": "",
    "Unnamed: 148": "",
    "Unnamed: 149": "",
    "Unnamed: 150": "",
    "Unnamed: 151": "",
    "Unnamed: 152": "",
    "Unnamed: 153": "",
    "Unnamed: 154": "",
    "Unnamed: 155": "",
    "Unnamed: 156": "",
    "Unnamed: 157": "",
    "Unnamed: 158": "",
    "Unnamed: 159": "",
    "Unnamed: 160": "",
    "Unnamed: 161": "",
    "Unnamed: 162": "",
    "Unnamed: 163": "",
    "Unnamed: 164": "",
    "Unnamed: 165": "",
    "Unnamed: 166": "",
    "Unnamed: 167": "",
    "Unnamed: 168": "",
    "Unnamed: 169": "",
    "Unnamed: 170": "",
    "Unnamed: 171": "",
    "Unnamed: 172": "",
    "Unnamed: 173": "",
    "Unnamed: 174": "",
    "Unnamed: 175": "",
    "Unnamed: 176": "",
    "Unnamed: 177": "",
    "Unnamed: 178": "",
    "Unnamed: 179": "",
    "Unnamed: 180": "",
    "Unnamed: 181": "",
    "Unnamed: 182": "",
    "Unnamed: 183": "",
    "Unnamed: 184": "",
    "Unnamed: 185": "",
    "Unnamed: 186": "",
    "Unnamed: 187": "",
    "Unnamed: 188": "",
    "Unnamed: 189": "",
    "Unnamed: 190": "",
    "Unnamed: 191": "",
    "Unnamed: 192": "",
    "Unnamed: 193": "",
    "Unnamed: 194": "",
    "Unnamed: 195": "",
    "Unnamed: 196": "",
    "Unnamed: 197": "",
    "Unnamed: 198": "",
    "Unnamed: 199": "",
    "Unnamed: 200": "",
    "Unnamed: 201": "",
    "Unnamed: 202": "",
    "Unnamed: 203": "",
    "Unnamed: 204": "",
    "Unnamed: 205": "",
    "Unnamed: 206": "",
    "Unnamed: 207": "",
    "Unnamed: 208": "",
    "Unnamed: 209": "",
    "Unnamed: 210": "",
    "Unnamed: 211": "",
    "Unnamed: 212": "",
    "Unnamed: 213": "",
    "Unnamed: 214": "",
    "Unnamed: 215": "",
    "Unnamed: 216": "",
    "Unnamed: 217": "",
    "Unnamed: 218": "",
    "Unnamed: 219": "",
    "Unnamed: 220": "",
    "Unnamed: 221": "",
    "Unnamed: 222": "",
    "Unnamed: 223": "",
    "Unnamed: 224": "",
    "Unnamed: 225": "",
    "Unnamed: 226": "",
    "Unnamed: 227": "",
    "Unnamed: 228": "",
    "Unnamed: 229": "",
    "Unnamed: 230": "",
    "Unnamed: 231": "",
    "Unnamed: 232": "",
    "Unnamed: 233": "",
    "Unnamed: 234": "",
    "Unnamed: 235": "",
    "Unnamed: 236": "",
    "Unnamed: 237": "",
    "Unnamed: 238": "",
    "Unnamed: 239": "",
    "Unnamed: 240": "",
    "Unnamed: 241": "",
    "Unnamed: 242": "",
    "Unnamed: 243": "",
    "Unnamed: 244": "",
    "Unnamed: 245": "",
    "Unnamed: 246": "",
    "Unnamed: 247": "",
    "Unnamed: 248": ""
  },
  {
    "": "2",
    "Food Item ID": "1200001.0",
    "Country, region": "Malawi, Zomba district",
    "Foodname in own language": "",
    "Foodname in English": "Chindazi, fried",
    "Processing": "p",
    "Scientific name": "",
    "Season": "February/March, 1987",
    "Other": "",
    "n": "",
    "Comments on data processing/methods": "data are expresesd in edile portion ",
    "Publication year": "1989.0",
    "BiblioID": "tu3",
    "Compiler ID": "MS",
    "Latest Revision in Version": "1.1",
    "WATER(g)": "30.0",
    "XN": "",
    "PROTCNT(g)": "",
    "PROT-(g)": "",
    "FATCE(g)": "",
    "FAT-(g)": "",
    "FAUN(g)": "",
    "CHOAVLDF(g)": "",
    "CHOTDF(g)": "",
    "AMYS(g)": "",
    "FIBC(g)": "",
    "FIB-(g)": "",
    "ASH(g)": "",
    "CA(mg)": "12",
    "CU(mg)": "0.3",
    "FE(mg)": "",
    "K(mg)": "",
    "MG(mg)": "",
    "NA(mg)": "",
    "P(mg)": "117.0",
    "ZN(mg)": "1.4",
    "THIA(mg)": "",
    "RIBF(mg)": "",
    "NIA-(mg)": "",
    "FRUS(g)": "",
    "GLUS(g)": "",
    "XYLS(g)": "",
    "MALS(g)": "",
    "GALS(g)": "",
    "RIBS(g)": "",
    "WAX(g)": "",
    "FAFRE(g)": "",
    "MGLY(g)": "",
    "DGLY(g)": "",
    "TGLY(g)": "",
    "PHOAC(g)": "",
    "PHOSER(g)": "",
    "PHOETHN(g)": "",
    "PHOINOTL(g)": "",
    "CHLNP(g)": "",
    "F12D0(g)": "",
    "F13D0(g)": "",
    "F14D0(g)": "",
    "F15D0(g)": "",
    "F16D0(g)": "",
    "F17D0(g)": "",
    "F18D0(g)": "",
    "F20D0(g)": "",
    "F21D0(g)": "",
    "F22D0(g)": "",
    "F24D0(g)": "",
    "F16D1(g)": "",
    "F18D1(g)": "",
    "F20D1(g)": "",
    "F22D1(g)": "",
    "F24D1(g)": "",
    "F16D2(g)": "",
    "F18D2(g)": "",
    "F20D2(g)": "",
    "F22D2(g)": "",
    "F18D3(g)": "",
    "ALA(mg)": "",
    "ARG(mg)": "",
    "ASN(mg)": "",
    "CYS(mg)": "",
    "GLU(mg)": "",
    "GLY(mg)": "",
    "HIS(mg)": "",
    "ILE(mg)": "",
    "LEU(mg)": "",
    "LYS(mg)": "",
    "MET(mg)": "",
    "PHE(mg)": "",
    "PRO(mg)": "",
    "SER(mg)": "",
    "THR(mg)": "",
    "TRP(mg)": "",
    "TYR(mg)": "",
    "VAL(mg)": "",
    "AAA(mg)": "",
    "MN(mg)": "0.55",
    "Unnamed: 95": "",
    "Unnamed: 96": "",
    "Unnamed: 97": "",
    "Unnamed: 98": "",
    "Unnamed: 99": "",
    "Unnamed: 100": "",
    "Unnamed: 101": "",
    "Unnamed: 102": "",
    "Unnamed: 103": "",
    "Unnamed: 104": "",
    "Unnamed: 105": "",
    "Unnamed: 106": "",
    "Unnamed: 107": "",
    "Unnamed: 108": "",
    "Unnamed: 109": "",
    "Unnamed: 110": "",
    "Unnamed: 111": "",
    "Unnamed: 112": "",
    "Unnamed: 113": "",
    "Unnamed: 114": "",
    "Unnamed: 115": "",
    "Unnamed: 116": "",
    "Unnamed: 117": "",
    "Unnamed: 118": "",
    "Unnamed: 119": "",
    "Unnamed: 120": "",
    "Unnamed: 121": "",
    "Unnamed: 122": "",
    "Unnamed: 123": "",
    "Unnamed: 124": "",
    "Unnamed: 125": "",
    "Unnamed: 126": "",
    "Unnamed: 127": "",
    "Unnamed: 128": "",
    "Unnamed: 129": "",
    "Unnamed: 130": "",
    "Unnamed: 131": "",
    "Unnamed: 132": "",
    "Unnamed: 133": "",
    "Unnamed: 134": "",
    "Unnamed: 135": "",
    "Unnamed: 136": "",
    "Unnamed: 137": "",
    "Unnamed: 138": "",
    "Unnamed: 139": "",
    "Unnamed: 140": "",
    "Unnamed: 141": "",
    "Unnamed: 142": "",
    "Unnamed: 143": "",
    "Unnamed: 144": "",
    "Unnamed: 145": "",
    "Unnamed: 146": "",
    "Unnamed: 147": "",
    "Unnamed: 148": "",
    "Unnamed: 149": "",
    "Unnamed: 150": "",
    "Unnamed: 151": "",
    "Unnamed: 152": "",
    "Unnamed: 153": "",
    "Unnamed: 154": "",
    "Unnamed: 155": "",
    "Unnamed: 156": "",
    "Unnamed: 157": "",
    "Unnamed: 158": "",
    "Unnamed: 159": "",
    "Unnamed: 160": "",
    "Unnamed: 161": "",
    "Unnamed: 162": "",
    "Unnamed: 163": "",
    "Unnamed: 164": "",
    "Unnamed: 165": "",
    "Unnamed: 166": "",
    "Unnamed: 167": "",
    "Unnamed: 168": "",
    "Unnamed: 169": "",
    "Unnamed: 170": "",
    "Unnamed: 171": "",
    "Unnamed: 172": "",
    "Unnamed: 173": "",
    "Unnamed: 174": "",
    "Unnamed: 175": "",
    "Unnamed: 176": "",
    "Unnamed: 177": "",
    "Unnamed: 178": "",
    "Unnamed: 179": "",
    "Unnamed: 180": "",
    "Unnamed: 181": "",
    "Unnamed: 182": "",
    "Unnamed: 183": "",
    "Unnamed: 184": "",
    "Unnamed: 185": "",
    "Unnamed: 186": "",
    "Unnamed: 187": "",
    "Unnamed: 188": "",
    "Unnamed: 189": "",
    "Unnamed: 190": "",
    "Unnamed: 191": "",
    "Unnamed: 192": "",
    "Unnamed: 193": "",
    "Unnamed: 194": "",
    "Unnamed: 195": "",
    "Unnamed: 196": "",
    "Unnamed: 197": "",
    "Unnamed: 198": "",
    "Unnamed: 199": "",
    "Unnamed: 200": "",
    "Unnamed: 201": "",
    "Unnamed: 202": "",
    "Unnamed: 203": "",
    "Unnamed: 204": "",
    "Unnamed: 205": "",
    "Unnamed: 206": "",
    "Unnamed: 207": "",
    "Unnamed: 208": "",
    "Unnamed: 209": "",
    "Unnamed: 210": "",
    "Unnamed: 211": "",
    "Unnamed: 212": "",
    "Unnamed: 213": "",
    "Unnamed: 214": "",
    "Unnamed: 215": "",
    "Unnamed: 216": "",
    "Unnamed: 217": "",
    "Unnamed: 218": "",
    "Unnamed: 219": "",
    "Unnamed: 220": "",
    "Unnamed: 221": "",
    "Unnamed: 222": "",
    "Unnamed: 223": "",
    "Unnamed: 224": "",
    "Unnamed: 225": "",
    "Unnamed: 226": "",
    "Unnamed: 227": "",
    "Unnamed: 228": "",
    "Unnamed: 229": "",
    "Unnamed: 230": "",
    "Unnamed: 231": "",
    "Unnamed: 232": "",
    "Unnamed: 233": "",
    "Unnamed: 234": "",
    "Unnamed: 235": "",
    "Unnamed: 236": "",
    "Unnamed: 237": "",
    "Unnamed: 238": "",
    "Unnamed: 239": "",
    "Unnamed: 240": "",
    "Unnamed: 241": "",
    "Unnamed: 242": "",
    "Unnamed: 243": "",
    "Unnamed: 244": "",
    "Unnamed: 245": "",
    "Unnamed: 246": "",
    "Unnamed: 247": "",
    "Unnamed: 248": ""
  },
  {
    "": "3",
    "Food Item ID": "1200002.0",
    "Country, region": "Malawi, Zomba district",
    "Foodname in own language": "",
    "Foodname in English": "African cake, baked",
    "Processing": "p",
    "Scientific name": "",
    "Season": "February/March, 1987",
    "Other": "",
    "n": "",
    "Comments on data processing/methods": "data are expresesd in edile portion ",
    "Publication year": "1989.0",
    "BiblioID": "tu3",
    "Compiler ID": "MS",
    "Latest Revision in Version": "1.1",
    "WATER(g)": "45.0",
    "XN": "",
    "PROTCNT(g)": "",
    "PROT-(g)": "",
    "FATCE(g)": "",
    "FAT-(g)": "",
    "FAUN(g)": "",
    "CHOAVLDF(g)": "",
    "CHOTDF(g)": "",
    "AMYS(g)": "",
    "FIBC(g)": "",
    "FIB-(g)": "",
    "ASH(g)": "",
    "CA(mg)": "Tr",
    "CU(mg)": "0.1",
    "FE(mg)": "",
    "K(mg)": "121.0",
    "MG(mg)": "50.0",
    "NA(mg)": "220",
    "P(mg)": "115.0",
    "ZN(mg)": "1.1",
    "THIA(mg)": "",
    "RIBF(mg)": "",
    "NIA-(mg)": "",
    "FRUS(g)": "",
    "GLUS(g)": "",
    "XYLS(g)": "",
    "MALS(g)": "",
    "GALS(g)": "",
    "RIBS(g)": "",
    "WAX(g)": "",
    "FAFRE(g)": "",
    "MGLY(g)": "",
    "DGLY(g)": "",
    "TGLY(g)": "",
    "PHOAC(g)": "",
    "PHOSER(g)": "",
    "PHOETHN(g)": "",
    "PHOINOTL(g)": "",
    "CHLNP(g)": "",
    "F12D0(g)": "",
    "F13D0(g)": "",
    "F14D0(g)": "",
    "F15D0(g)": "",
    "F16D0(g)": "",
    "F17D0(g)": "",
    "F18D0(g)": "",
    "F20D0(g)": "",
    "F21D0(g)": "",
    "F22D0(g)": "",
    "F24D0(g)": "",
    "F16D1(g)": "",
    "F18D1(g)": "",
    "F20D1(g)": "",
    "F22D1(g)": "",
    "F24D1(g)": "",
    "F16D2(g)": "",
    "F18D2(g)": "",
    "F20D2(g)": "",
    "F22D2(g)": "",
    "F18D3(g)": "",
    "ALA(mg)": "",
    "ARG(mg)": "",
    "ASN(mg)": "",
    "CYS(mg)": "",
    "GLU(mg)": "",
    "GLY(mg)": "",
    "HIS(mg)": "",
    "ILE(mg)": "",
    "LEU(mg)": "",
    "LYS(mg)": "",
    "MET(mg)": "",
    "PHE(mg)": "",
    "PRO(mg)": "",
    "SER(mg)": "",
    "THR(mg)": "",
    "TRP(mg)": "",
    "TYR(mg)": "",
    "VAL(mg)": "",
    "AAA(mg)": "",
    "MN(mg)": "0.15",
    "Unnamed: 95": "",
    "Unnamed: 96": "",
    "Unnamed: 97": "",
    "Unnamed: 98": "",
    "Unnamed: 99": "",
    "Unnamed: 100": "",
    "Unnamed: 101": "",
    "Unnamed: 102": "",
    "Unnamed: 103": "",
    "Unnamed: 104": "",
    "Unnamed: 105": "",
    "Unnamed: 106": "",
    "Unnamed: 107": "",
    "Unnamed: 108": "",
    "Unnamed: 109": "",
    "Unnamed: 110": "",
    "Unnamed: 111": "",
    "Unnamed: 112": "",
    "Unnamed: 113": "",
    "Unnamed: 114": "",
    "Unnamed: 115": "",
    "Unnamed: 116": "",
    "Unnamed: 117": "",
    "Unnamed: 118": "",
    "Unnamed: 119": "",
    "Unnamed: 120": "",
    "Unnamed: 121": "",
    "Unnamed: 122": "",
    "Unnamed: 123": "",
    "Unnamed: 124": "",
    "Unnamed: 125": "",
    "Unnamed: 126": "",
    "Unnamed: 127": "",
    "Unnamed: 128": "",
    "Unnamed: 129": "",
    "Unnamed: 130": "",
    "Unnamed: 131": "",
    "Unnamed: 132": "",
    "Unnamed: 133": "",
    "Unnamed: 134": "",
    "Unnamed: 135": "",
    "Unnamed: 136": "",
    "Unnamed: 137": "",
    "Unnamed: 138": "",
    "Unnamed: 139": "",
    "Unnamed: 140": "",
    "Unnamed: 141": "",
    "Unnamed: 142": "",
    "Unnamed: 143": "",
    "Unnamed: 144": "",
    "Unnamed: 145": "",
    "Unnamed: 146": "",
    "Unnamed: 147": "",
    "Unnamed: 148": "",
    "Unnamed: 149": "",
    "Unnamed: 150": "",
    "Unnamed: 151": "",
    "Unnamed: 152": "",
    "Unnamed: 153": "",
    "Unnamed: 154": "",
    "Unnamed: 155": "",
    "Unnamed: 156": "",
    "Unnamed: 157": "",
    "Unnamed: 158": "",
    "Unnamed: 159": "",
    "Unnamed: 160": "",
    "Unnamed: 161": "",
    "Unnamed: 162": "",
    "Unnamed: 163": "",
    "Unnamed: 164": "",
    "Unnamed: 165": "",
    "Unnamed: 166": "",
    "Unnamed: 167": "",
    "Unnamed: 168": "",
    "Unnamed: 169": "",
    "Unnamed: 170": "",
    "Unnamed: 171": "",
    "Unnamed: 172": "",
    "Unnamed: 173": "",
    "Unnamed: 174": "",
    "Unnamed: 175": "",
    "Unnamed: 176": "",
    "Unnamed: 177": "",
    "Unnamed: 178": "",
    "Unnamed: 179": "",
    "Unnamed: 180": "",
    "Unnamed: 181": "",
    "Unnamed: 182": "",
    "Unnamed: 183": "",
    "Unnamed: 184": "",
    "Unnamed: 185": "",
    "Unnamed: 186": "",
    "Unnamed: 187": "",
    "Unnamed: 188": "",
    "Unnamed: 189": "",
    "Unnamed: 190": "",
    "Unnamed: 191": "",
    "Unnamed: 192": "",
    "Unnamed: 193": "",
    "Unnamed: 194": "",
    "Unnamed: 195": "",
    "Unnamed: 196": "",
    "Unnamed: 197": "",
    "Unnamed: 198": "",
    "Unnamed: 199": "",
    "Unnamed: 200": "",
    "Unnamed: 201": "",
    "Unnamed: 202": "",
    "Unnamed: 203": "",
    "Unnamed: 204": "",
    "Unnamed: 205": "",
    "Unnamed: 206": "",
    "Unnamed: 207": "",
    "Unnamed: 208": "",
    "Unnamed: 209": "",
    "Unnamed: 210": "",
    "Unnamed: 211": "",
    "Unnamed: 212": "",
    "Unnamed: 213": "",
    "Unnamed: 214": "",
    "Unnamed: 215": "",
    "Unnamed: 216": "",
    "Unnamed: 217": "",
    "Unnamed: 218": "",
    "Unnamed: 219": "",
    "Unnamed: 220": "",
    "Unnamed: 221": "",
    "Unnamed: 222": "",
    "Unnamed: 223": "",
    "Unnamed: 224": "",
    "Unnamed: 225": "",
    "Unnamed: 226": "",
    "Unnamed: 227": "",
    "Unnamed: 228": "",
    "Unnamed: 229": "",
    "Unnamed: 230": "",
    "Unnamed: 231": "",
    "Unnamed: 232": "",
    "Unnamed: 233": "",
    "Unnamed: 234": "",
    "Unnamed: 235": "",
    "Unnamed: 236": "",
    "Unnamed: 237": "",
    "Unnamed: 238": "",
    "Unnamed: 239": "",
    "Unnamed: 240": "",
    "Unnamed: 241": "",
    "Unnamed: 242": "",
    "Unnamed: 243": "",
    "Unnamed: 244": "",
    "Unnamed: 245": "",
    "Unnamed: 246": "",
    "Unnamed: 247": "",
    "Unnamed: 248": ""
  },
  {
    "": "4",
    "Food Item ID": "1200003.0",
    "Country, region": "Malawi, Zomba district",
    "Foodname in own language": "",
    "Foodname in English": "Chitembewa, fried",
    "Processing": "p",
    "Scientific name": "",
    "Season": "February/March, 1987",
    "Other": "",
    "n": "",
    "Comments on data processing/methods": "data are expresesd in edile portion ",
    "Publication year": "1989.0",
    "BiblioID": "tu3",
    "Compiler ID": "MS",
    "Latest Revision in Version": "1.1",
    "WATER(g)": "27.0",
    "XN": "",
    "PROTCNT(g)": "",
    "PROT-(g)": "",
    "FATCE(g)": "",
    "FAT-(g)": "",
    "FAUN(g)": "",
    "CHOAVLDF(g)": "",
    "CHOTDF(g)": "",
    "AMYS(g)": "",
    "FIBC(g)": "",
    "FIB-(g)": "",
    "ASH(g)": "",
    "CA(mg)": "5",
    "CU(mg)": "",
    "FE(mg)": "",
    "K(mg)": "350.0",
    "MG(mg)": "54.0",
    "NA(mg)": "95",
    "P(mg)": "203.0",
    "ZN(mg)": "1.2",
    "THIA(mg)": "",
    "RIBF(mg)": "",
    "NIA-(mg)": "",
    "FRUS(g)": "",
    "GLUS(g)": "",
    "XYLS(g)": "",
    "MALS(g)": "",
    "GALS(g)": "",
    "RIBS(g)": "",
    "WAX(g)": "",
    "FAFRE(g)": "",
    "MGLY(g)": "",
    "DGLY(g)": "",
    "TGLY(g)": "",
    "PHOAC(g)": "",
    "PHOSER(g)": "",
    "PHOETHN(g)": "",
    "PHOINOTL(g)": "",
    "CHLNP(g)": "",
    "F12D0(g)": "",
    "F13D0(g)": "",
    "F14D0(g)": "",
    "F15D0(g)": "",
    "F16D0(g)": "",
    "F17D0(g)": "",
    "F18D0(g)": "",
    "F20D0(g)": "",
    "F21D0(g)": "",
    "F22D0(g)": "",
    "F24D0(g)": "",
    "F16D1(g)": "",
    "F18D1(g)": "",
    "F20D1(g)": "",
    "F22D1(g)": "",
    "F24D1(g)": "",
    "F16D2(g)": "",
    "F18D2(g)": "",
    "F20D2(g)": "",
    "F22D2(g)": "",
    "F18D3(g)": "",
    "ALA(mg)": "",
    "ARG(mg)": "",
    "ASN(mg)": "",
    "CYS(mg)": "",
    "GLU(mg)": "",
    "GLY(mg)": "",
    "HIS(mg)": "",
    "ILE(mg)": "",
    "LEU(mg)": "",
    "LYS(mg)": "",
    "MET(mg)": "",
    "PHE(mg)": "",
    "PRO(mg)": "",
    "SER(mg)": "",
    "THR(mg)": "",
    "TRP(mg)": "",
    "TYR(mg)": "",
    "VAL(mg)": "",
    "AAA(mg)": "",
    "MN(mg)": "0.44",
    "Unnamed: 95": "",
    "Unnamed: 96": "",
    "Unnamed: 97": "",
    "Unnamed: 98": "",
    "Unnamed: 99": "",
    "Unnamed: 100": "",
    "Unnamed: 101": "",
    "Unnamed: 102": "",
    "Unnamed: 103": "",
    "Unnamed: 104": "",
    "Unnamed: 105": "",
    "Unnamed: 106": "",
    "Unnamed: 107": "",
    "Unnamed: 108": "",
    "Unnamed: 109": "",
    "Unnamed: 110": "",
    "Unnamed: 111": "",
    "Unnamed: 112": "",
    "Unnamed: 113": "",
    "Unnamed: 114": "",
    "Unnamed: 115": "",
    "Unnamed: 116": "",
    "Unnamed: 117": "",
    "Unnamed: 118": "",
    "Unnamed: 119": "",
    "Unnamed: 120": "",
    "Unnamed: 121": "",
    "Unnamed: 122": "",
    "Unnamed: 123": "",
    "Unnamed: 124": "",
    "Unnamed: 125": "",
    "Unnamed: 126": "",
    "Unnamed: 127": "",
    "Unnamed: 128": "",
    "Unnamed: 129": "",
    "Unnamed: 130": "",
    "Unnamed: 131": "",
    "Unnamed: 132": "",
    "Unnamed: 133": "",
    "Unnamed: 134": "",
    "Unnamed: 135": "",
    "Unnamed: 136": "",
    "Unnamed: 137": "",
    "Unnamed: 138": "",
    "Unnamed: 139": "",
    "Unnamed: 140": "",
    "Unnamed: 141": "",
    "Unnamed: 142": "",
    "Unnamed: 143": "",
    "Unnamed: 144": "",
    "Unnamed: 145": "",
    "Unnamed: 146": "",
    "Unnamed: 147": "",
    "Unnamed: 148": "",
    "Unnamed: 149": "",
    "Unnamed: 150": "",
    "Unnamed: 151": "",
    "Unnamed: 152": "",
    "Unnamed: 153": "",
    "Unnamed: 154": "",
    "Unnamed: 155": "",
    "Unnamed: 156": "",
    "Unnamed: 157": "",
    "Unnamed: 158": "",
    "Unnamed: 159": "",
    "Unnamed: 160": "",
    "Unnamed: 161": "",
    "Unnamed: 162": "",
    "Unnamed: 163": "",
    "Unnamed: 164": "",
    "Unnamed: 165": "",
    "Unnamed: 166": "",
    "Unnamed: 167": "",
    "Unnamed: 168": "",
    "Unnamed: 169": "",
    "Unnamed: 170": "",
    "Unnamed: 171": "",
    "Unnamed: 172": "",
    "Unnamed: 173": "",
    "Unnamed: 174": "",
    "Unnamed: 175": "",
    "Unnamed: 176": "",
    "Unnamed: 177": "",
    "Unnamed: 178": "",
    "Unnamed: 179": "",
    "Unnamed: 180": "",
    "Unnamed: 181": "",
    "Unnamed: 182": "",
    "Unnamed: 183": "",
    "Unnamed: 184": "",
    "Unnamed: 185": "",
    "Unnamed: 186": "",
    "Unnamed: 187": "",
    "Unnamed: 188": "",
    "Unnamed: 189": "",
    "Unnamed: 190": "",
    "Unnamed: 191": "",
    "Unnamed: 192": "",
    "Unnamed: 193": "",
    "Unnamed: 194": "",
    "Unnamed: 195": "",
    "Unnamed: 196": "",
    "Unnamed: 197": "",
    "Unnamed: 198": "",
    "Unnamed: 199": "",
    "Unnamed: 200": "",
    "Unnamed: 201": "",
    "Unnamed: 202": "",
    "Unnamed: 203": "",
    "Unnamed: 204": "",
    "Unnamed: 205": "",
    "Unnamed: 206": "",
    "Unnamed: 207": "",
    "Unnamed: 208": "",
    "Unnamed: 209": "",
    "Unnamed: 210": "",
    "Unnamed: 211": "",
    "Unnamed: 212": "",
    "Unnamed: 213": "",
    "Unnamed: 214": "",
    "Unnamed: 215": "",
    "Unnamed: 216": "",
    "Unnamed: 217": "",
    "Unnamed: 218": "",
    "Unnamed: 219": "",
    "Unnamed: 220": "",
    "Unnamed: 221": "",
    "Unnamed: 222": "",
    "Unnamed: 223": "",
    "Unnamed: 224": "",
    "Unnamed: 225": "",
    "Unnamed: 226": "",
    "Unnamed: 227": "",
    "Unnamed: 228": "",
    "Unnamed: 229": "",
    "Unnamed: 230": "",
    "Unnamed: 231": "",
    "Unnamed: 232": "",
    "Unnamed: 233": "",
    "Unnamed: 234": "",
    "Unnamed: 235": "",
    "Unnamed: 236": "",
    "Unnamed: 237": "",
    "Unnamed: 238": "",
    "Unnamed: 239": "",
    "Unnamed: 240": "",
    "Unnamed: 241": "",
    "Unnamed: 242": "",
    "Unnamed: 243": "",
    "Unnamed: 244": "",
    "Unnamed: 245": "",
    "Unnamed: 246": "",
    "Unnamed: 247": "",
    "Unnamed: 248": ""
  },
  {
    "": "5",
    "Food Item ID": "1200004.0",
    "Country, region": "Malawi, Zomba district",
    "Foodname in own language": "",
    "Foodname in English": "African bread, boiled",
    "Processing": "p",
    "Scientific name": "",
    "Season": "February/March, 1987",
    "Other": "",
    "n": "",
    "Comments on data processing/methods": "data are expresesd in edile portion ",
    "Publication year": "1989.0",
    "BiblioID": "tu3",
    "Compiler ID": "MS",
    "Latest Revision in Version": "1.1",
    "WATER(g)": "70.0",
    "XN": "",
    "PROTCNT(g)": "",
    "PROT-(g)": "",
    "FATCE(g)": "",
    "FAT-(g)": "",
    "FAUN(g)": "",
    "CHOAVLDF(g)": "",
    "CHOTDF(g)": "",
    "AMYS(g)": "",
    "FIBC(g)": "",
    "FIB-(g)": "",
    "ASH(g)": "",
    "CA(mg)": "3",
    "CU(mg)": "",
    "FE(mg)": "",
    "K(mg)": "",
    "MG(mg)": "",
    "NA(mg)": "",
    "P(mg)": "51.0",
    "ZN(mg)": "0.3",
    "THIA(mg)": "",
    "RIBF(mg)": "",
    "NIA-(mg)": "",
    "FRUS(g)": "",
    "GLUS(g)": "",
    "XYLS(g)": "",
    "MALS(g)": "",
    "GALS(g)": "",
    "RIBS(g)": "",
    "WAX(g)": "",
    "FAFRE(g)": "",
    "MGLY(g)": "",
    "DGLY(g)": "",
    "TGLY(g)": "",
    "PHOAC(g)": "",
    "PHOSER(g)": "",
    "PHOETHN(g)": "",
    "PHOINOTL(g)": "",
    "CHLNP(g)": "",
    "F12D0(g)": "",
    "F13D0(g)": "",
    "F14D0(g)": "",
    "F15D0(g)": "",
    "F16D0(g)": "",
    "F17D0(g)": "",
    "F18D0(g)": "",
    "F20D0(g)": "",
    "F21D0(g)": "",
    "F22D0(g)": "",
    "F24D0(g)": "",
    "F16D1(g)": "",
    "F18D1(g)": "",
    "F20D1(g)": "",
    "F22D1(g)": "",
    "F24D1(g)": "",
    "F16D2(g)": "",
    "F18D2(g)": "",
    "F20D2(g)": "",
    "F22D2(g)": "",
    "F18D3(g)": "",
    "ALA(mg)": "",
    "ARG(mg)": "",
    "ASN(mg)": "",
    "CYS(mg)": "",
    "GLU(mg)": "",
    "GLY(mg)": "",
    "HIS(mg)": "",
    "ILE(mg)": "",
    "LEU(mg)": "",
    "LYS(mg)": "",
    "MET(mg)": "",
    "PHE(mg)": "",
    "PRO(mg)": "",
    "SER(mg)": "",
    "THR(mg)": "",
    "TRP(mg)": "",
    "TYR(mg)": "",
    "VAL(mg)": "",
    "AAA(mg)": "",
    "MN(mg)": "0.26",
    "Unnamed: 95": "",
    "Unnamed: 96": "",
    "Unnamed: 97": "",
    "Unnamed: 98": "",
    "Unnamed: 99": "",
    "Unnamed: 100": "",
    "Unnamed: 101": "",
    "Unnamed: 102": "",
    "Unnamed: 103": "",
    "Unnamed: 104": "",
    "Unnamed: 105": "",
    "Unnamed: 106": "",
    "Unnamed: 107": "",
    "Unnamed: 108": "",
    "Unnamed: 109": "",
    "Unnamed: 110": "",
    "Unnamed: 111": "",
    "Unnamed: 112": "",
    "Unnamed: 113": "",
    "Unnamed: 114": "",
    "Unnamed: 115": "",
    "Unnamed: 116": "",
    "Unnamed: 117": "",
    "Unnamed: 118": "",
    "Unnamed: 119": "",
    "Unnamed: 120": "",
    "Unnamed: 121": "",
    "Unnamed: 122": "",
    "Unnamed: 123": "",
    "Unnamed: 124": "",
    "Unnamed: 125": "",
    "Unnamed: 126": "",
    "Unnamed: 127": "",
    "Unnamed: 128": "",
    "Unnamed: 129": "",
    "Unnamed: 130": "",
    "Unnamed: 131": "",
    "Unnamed: 132": "",
    "Unnamed: 133": "",
    "Unnamed: 134": "",
    "Unnamed: 135": "",
    "Unnamed: 136": "",
    "Unnamed: 137": "",
    "Unnamed: 138": "",
    "Unnamed: 139": "",
    "Unnamed: 140": "",
    "Unnamed: 141": "",
    "Unnamed: 142": "",
    "Unnamed: 143": "",
    "Unnamed: 144": "",
    "Unnamed: 145": "",
    "Unnamed: 146": "",
    "Unnamed: 147": "",
    "Unnamed: 148": "",
    "Unnamed: 149": "",
    "Unnamed: 150": "",
    "Unnamed: 151": "",
    "Unnamed: 152": "",
    "Unnamed: 153": "",
    "Unnamed: 154": "",
    "Unnamed: 155": "",
    "Unnamed: 156": "",
    "Unnamed: 157": "",
    "Unnamed: 158": "",
    "Unnamed: 159": "",
    "Unnamed: 160": "",
    "Unnamed: 161": "",
    "Unnamed: 162": "",
    "Unnamed: 163": "",
    "Unnamed: 164": "",
    "Unnamed: 165": "",
    "Unnamed: 166": "",
    "Unnamed: 167": "",
    "Unnamed: 168": "",
    "Unnamed: 169": "",
    "Unnamed: 170": "",
    "Unnamed: 171": "",
    "Unnamed: 172": "",
    "Unnamed: 173": "",
    "Unnamed: 174": "",
    "Unnamed: 175": "",
    "Unnamed: 176": "",
    "Unnamed: 177": "",
    "Unnamed: 178": "",
    "Unnamed: 179": "",
    "Unnamed: 180": "",
    "Unnamed: 181": "",
    "Unnamed: 182": "",
    "Unnamed: 183": "",
    "Unnamed: 184": "",
    "Unnamed: 185": "",
    "Unnamed: 186": "",
    "Unnamed: 187": "",
    "Unnamed: 188": "",
    "Unnamed: 189": "",
    "Unnamed: 190": "",
    "Unnamed: 191": "",
    "Unnamed: 192": "",
    "Unnamed: 193": "",
    "Unnamed: 194": "",
    "Unnamed: 195": "",
    "Unnamed: 196": "",
    "Unnamed: 197": "",
    "Unnamed: 198": "",
    "Unnamed: 199": "",
    "Unnamed: 200": "",
    "Unnamed: 201": "",
    "Unnamed: 202": "",
    "Unnamed: 203": "",
    "Unnamed: 204": "",
    "Unnamed: 205": "",
    "Unnamed: 206": "",
    "Unnamed: 207": "",
    "Unnamed: 208": "",
    "Unnamed: 209": "",
    "Unnamed: 210": "",
    "Unnamed: 211": "",
    "Unnamed: 212": "",
    "Unnamed: 213": "",
    "Unnamed: 214": "",
    "Unnamed: 215": "",
    "Unnamed: 216": "",
    "Unnamed: 217": "",
    "Unnamed: 218": "",
    "Unnamed: 219": "",
    "Unnamed: 220": "",
    "Unnamed: 221": "",
    "Unnamed: 222": "",
    "Unnamed: 223": "",
    "Unnamed: 224": "",
    "Unnamed: 225": "",
    "Unnamed: 226": "",
    "Unnamed: 227": "",
    "Unnamed: 228": "",
    "Unnamed: 229": "",
    "Unnamed: 230": "",
    "Unnamed: 231": "",
    "Unnamed: 232": "",
    "Unnamed: 233": "",
    "Unnamed: 234": "",
    "Unnamed: 235": "",
    "Unnamed: 236": "",
    "Unnamed: 237": "",
    "Unnamed: 238": "",
    "Unnamed: 239": "",
    "Unnamed: 240": "",
    "Unnamed: 241": "",
    "Unnamed: 242": "",
    "Unnamed: 243": "",
    "Unnamed: 244": "",
    "Unnamed: 245": "",
    "Unnamed: 246": "",
    "Unnamed: 247": "",
    "Unnamed: 248": ""
  },
  {
    "": "6",
    "Food Item ID": "1200005.0",
    "Country, region": "Malawi, Zomba district",
    "Foodname in own language": "",
    "Foodname in English": "Sugar cane, raw",
    "Processing": "r",
    "Scientific name": "Saccharum officinarum",
    "Season": "February/March, 1987",
    "Other": "",
    "n": "",
    "Comments on data processing/methods": "data are expresesd in edile portion ",
    "Publication year": "1989.0",
    "BiblioID": "tu3",
    "Compiler ID": "MS",
    "Latest Revision in Version": "1.1",
    "WATER(g)": "90.0",
    "XN": "",
    "PROTCNT(g)": "",
    "PROT-(g)": "",
    "FATCE(g)": "",
    "FAT-(g)": "",
    "FAUN(g)": "",
    "CHOAVLDF(g)": "",
    "CHOTDF(g)": "",
    "AMYS(g)": "",
    "FIBC(g)": "",
    "FIB-(g)": "",
    "ASH(g)": "",
    "CA(mg)": "8",
    "CU(mg)": "",
    "FE(mg)": "",
    "K(mg)": "",
    "MG(mg)": "",
    "NA(mg)": "",
    "P(mg)": "18.0",
    "ZN(mg)": "",
    "THIA(mg)": "",
    "RIBF(mg)": "",
    "NIA-(mg)": "",
    "FRUS(g)": "",
    "GLUS(g)": "",
    "XYLS(g)": "",
    "MALS(g)": "",
    "GALS(g)": "",
    "RIBS(g)": "",
    "WAX(g)": "",
    "FAFRE(g)": "",
    "MGLY(g)": "",
    "DGLY(g)": "",
    "TGLY(g)": "",
    "PHOAC(g)": "",
    "PHOSER(g)": "",
    "PHOETHN(g)": "",
    "PHOINOTL(g)": "",
    "CHLNP(g)": "",
    "F12D0(g)": "",
    "F13D0(g)": "",
    "F14D0(g)": "",
    "F15D0(g)": "",
    "F16D0(g)": "",
    "F17D0(g)": "",
    "F18D0(g)": "",
    "F20D0(g)": "",
    "F21D0(g)": "",
    "F22D0(g)": "",
    "F24D0(g)": "",
    "F16D1(g)": "",
    "F18D1(g)": "",
    "F20D1(g)": "",
    "F22D1(g)": "",
    "F24D1(g)": "",
    "F16D2(g)": "",
    "F18D2(g)": "",
    "F20D2(g)": "",
    "F22D2(g)": "",
    "F18D3(g)": "",
    "ALA(mg)": "",
    "ARG(mg)": "",
    "ASN(mg)": "",
    "CYS(mg)": "",
    "GLU(mg)": "",
    "GLY(mg)": "",
    "HIS(mg)": "",
    "ILE(mg)": "",
    "LEU(mg)": "",
    "LYS(mg)": "",
    "MET(mg)": "",
    "PHE(mg)": "",
    "PRO(mg)": "",
    "SER(mg)": "",
    "THR(mg)": "",
    "TRP(mg)": "",
    "TYR(mg)": "",
    "VAL(mg)": "",
    "AAA(mg)": "",
    "MN(mg)": "0.61",
    "Unnamed: 95": "",
    "Unnamed: 96": "",
    "Unnamed: 97": "",
    "Unnamed: 98": "",
    "Unnamed: 99": "",
    "Unnamed: 100": "",
    "Unnamed: 101": "",
    "Unnamed: 102": "",
    "Unnamed: 103": "",
    "Unnamed: 104": "",
    "Unnamed: 105": "",
    "Unnamed: 106": "",
    "Unnamed: 107": "",
    "Unnamed: 108": "",
    "Unnamed: 109": "",
    "Unnamed: 110": "",
    "Unnamed: 111": "",
    "Unnamed: 112": "",
    "Unnamed: 113": "",
    "Unnamed: 114": "",
    "Unnamed: 115": "",
    "Unnamed: 116": "",
    "Unnamed: 117": "",
    "Unnamed: 118": "",
    "Unnamed: 119": "",
    "Unnamed: 120": "",
    "Unnamed: 121": "",
    "Unnamed: 122": "",
    "Unnamed: 123": "",
    "Unnamed: 124": "",
    "Unnamed: 125": "",
    "Unnamed: 126": "",
    "Unnamed: 127": "",
    "Unnamed: 128": "",
    "Unnamed: 129": "",
    "Unnamed: 130": "",
    "Unnamed: 131": "",
    "Unnamed: 132": "",
    "Unnamed: 133": "",
    "Unnamed: 134": "",
    "Unnamed: 135": "",
    "Unnamed: 136": "",
    "Unnamed: 137": "",
    "Unnamed: 138": "",
    "Unnamed: 139": "",
    "Unnamed: 140": "",
    "Unnamed: 141": "",
    "Unnamed: 142": "",
    "Unnamed: 143": "",
    "Unnamed: 144": "",
    "Unnamed: 145": "",
    "Unnamed: 146": "",
    "Unnamed: 147": "",
    "Unnamed: 148": "",
    "Unnamed: 149": "",
    "Unnamed: 150": "",
    "Unnamed: 151": "",
    "Unnamed: 152": "",
    "Unnamed: 153": "",
    "Unnamed: 154": "",
    "Unnamed: 155": "",
    "Unnamed: 156": "",
    "Unnamed: 157": "",
    "Unnamed: 158": "",
    "Unnamed: 159": "",
    "Unnamed: 160": "",
    "Unnamed: 161": "",
    "Unnamed: 162": "",
    "Unnamed: 163": "",
    "Unnamed: 164": "",
    "Unnamed: 165": "",
    "Unnamed: 166": "",
    "Unnamed: 167": "",
    "Unnamed: 168": "",
    "Unnamed: 169": "",
    "Unnamed: 170": "",
    "Unnamed: 171": "",
    "Unnamed: 172": "",
    "Unnamed: 173": "",
    "Unnamed: 174": "",
    "Unnamed: 175": "",
    "Unnamed: 176": "",
    "Unnamed: 177": "",
    "Unnamed: 178": "",
    "Unnamed: 179": "",
    "Unnamed: 180": "",
    "Unnamed: 181": "",
    "Unnamed: 182": "",
    "Unnamed: 183": "",
    "Unnamed: 184": "",
    "Unnamed: 185": "",
    "Unnamed: 186": "",
    "Unnamed: 187": "",
    "Unnamed: 188": "",
    "Unnamed: 189": "",
    "Unnamed: 190": "",
    "Unnamed: 191": "",
    "Unnamed: 192": "",
    "Unnamed: 193": "",
    "Unnamed: 194": "",
    "Unnamed: 195": "",
    "Unnamed: 196": "",
    "Unnamed: 197": "",
    "Unnamed: 198": "",
    "Unnamed: 199": "",
    "Unnamed: 200": "",
    "Unnamed: 201": "",
    "Unnamed: 202": "",
    "Unnamed: 203": "",
    "Unnamed: 204": "",
    "Unnamed: 205": "",
    "Unnamed: 206": "",
    "Unnamed: 207": "",
    "Unnamed: 208": "",
    "Unnamed: 209": "",
    "Unnamed: 210": "",
    "Unnamed: 211": "",
    "Unnamed: 212": "",
    "Unnamed: 213": "",
    "Unnamed: 214": "",
    "Unnamed: 215": "",
    "Unnamed: 216": "",
    "Unnamed: 217": "",
    "Unnamed: 218": "",
    "Unnamed: 219": "",
    "Unnamed: 220": "",
    "Unnamed: 221": "",
    "Unnamed: 222": "",
    "Unnamed: 223": "",
    "Unnamed: 224": "",
    "Unnamed: 225": "",
    "Unnamed: 226": "",
    "Unnamed: 227": "",
    "Unnamed: 228": "",
    "Unnamed: 229": "",
    "Unnamed: 230": "",
    "Unnamed: 231": "",
    "Unnamed: 232": "",
    "Unnamed: 233": "",
    "Unnamed: 234": "",
    "Unnamed: 235": "",
    "Unnamed: 236": "",
    "Unnamed: 237": "",
    "Unnamed: 238": "",
    "Unnamed: 239": "",
    "Unnamed: 240": "",
    "Unnamed: 241": "",
    "Unnamed: 242": "",
    "Unnamed: 243": "",
    "Unnamed: 244": "",
    "Unnamed: 245": "",
    "Unnamed: 246": "",
    "Unnamed: 247": "",
    "Unnamed: 248": ""
  }
]