[
  {
    "": "0",
    "Food Item ID": "",
    "Country, region": "sampling place",
    "Foodname in own language": "",
    "Foodname in English": "",
    "Processing": "r: raw, d: dried, p: processed",
    "Scientific name": "",
    "Season": "sampling season",
    "Other": "additional information on factors influencing the nutrient composition",
    "n": "number of independent analytical samples",
    "Comments on data processing/methods": "",
    "Publication year": "",
    "BiblioID": "",
    "Compiler ID": "",
    "Latest Revision in Version": "",
    "EDIBLE": "edible portion coefficient",
    "ENERC(kJ) (original)": "energy, total metabolizable; calculated from the energy-producing food components (original as from source)",
    "ENERC(kcal) (original)": "energy, total metabolizable; calculated from the energy-producing food components (original as from source)",
    "ENERA(kcal)": "energy, gross; determined by direct analysis using bomb calorimetry",
    "WATER(g)": "water",
    "XN": "conversion factor to calculate total protein from nitrogen ",
    "NT(g)": "nitrogen, total",
    "NNP(mg)": "nitrogen, non-protein",
    "NPRO(g)": "nitrogen, protein",
    "PROTCNT(g)": "protein, total; calculated from total nitrogen ",
    "PROTCNA(g)": "protein, total; calculated from amino nitrogen",
    "PROT-(g)": "protein, total; method of determination unknown or variable",
    "FAT(g)": "fat, total",
    "FATCE(g)": "fat, total; derived by analysis using continuous extraction",
    "FAT-(g)": "fat; method of determination unknown or mixed methods",
    "FAUN(g)": "Other fatty acids, not specifiied",
    "CHOAVLDF(g)": "carbohydrate, available; calculated by difference",
    "CHOCDF(g)": "carbohydrate, total; calculated by difference",
    "CHOAVLM(g)": "carbohydrate, available; expressed as monosaccharide equivalents",
    "CHO-(g)": "carbohydrate; method of determination unknown or variable",
    "FIBTG(g)": "fibre, total dietary; determined gravimetrically by the AOAC total dietary fibre method (Prosky and similar methods)",
    "FIBTS(g)": "fibre, total dietary; sum of non-starch polysaccharide components and lignin (Southgate colorimetric procedure)",
    "FIBAD(g)": "fibre; determined by acid detergent method ",
    "FIBND(g)": "fibre; determined by neutral detergent method",
    "FIBC(g)": "fibre, crude",
    "FIB-(g)": "fibre; method of determination unknown or variable",
    "NSP(g)": "polysaccharides, non-starch (Englyst method)",
    "FIBINS(g)": "fibre, water-insoluble",
    "FIBSOL(g)": "fibre, water-soluble",
    "PSACNC(g)": "polysaccharides, non-cellulosic",
    "CELLU(g)": "celloluse",
    "LIGN(g)": "lignin",
    "PECT(g)": "pectin",
    "ASH(g)": "ash",
    "B(mcg)": "boron",
    "CA(mg)": "calcium",
    "CLD(mg)": "chloride ",
    "CO(mcg)": "cobalt",
    "CR(mcg)": "chromium",
    "CU(mg)": "copper",
    "FE(mg)": "iron, total",
    "K(mg)": "potassium",
    "MG(mg)": "magnesium",
    "MN(mg)": "manganese",
    "MO(mcg)": "molybdenum",
    "NA(mg)": "sodium",
    "NI(mcg)": "nickel",
    "P(mg)": "phosphorus",
    "S(mg)": "sulphur",
    "SE(mcg)": "selenium",
    "V(mcg)": "vanadium",
    "ZN(mg)": "zink",
    "PB(mcg)": "lead",
    "NITRA(mg)": "nitrates",
    "NITRI(mg)": "nitrites",
    "VITA_RAE(mcg)": "vitamin A; retinol activity equivalent",
    "VITA(mcg)": "vitamin A; calculated by summation of the vitamin A activities of retinol and the active carotenoids",
    "VITA-(mcg)": "vitamin A; method unknown or variable",
    "CARTBEQ(mcg)": "beta-carotene equivalents",
    "CAROT(mcg)": "carotene, total trans",
    "CARTA(mcg)": "alpha-carotene",
    "CARTB(mcg)": "beta-carotene",
    "CARTBCIS(mcg)": "beta-carotene cis",
    "CARTG(mcg)": "gamma-carotene",
    "CRYPX(mcg)": "cryptoxanthin, total",
    "CRYPXA(mcg) ": "alpha-cryptoxanthin",
    "CRYPXB(mcg)": "beta-cryptoxanthin",
    "LUTN(mcg)": "lutein",
    "LUTNZEA(mcg)": "lutein+zeaxanthin",
    "LYCPN(mcg)": "lycopene",
    "NEUROSP(mcg)": "neurosporene",
    "VIOLX(mcg)": "violaxanthin ",
    "ZEA(mcg)": "zeaxanthin",
    "CARTOID(mcg)": "carotenoids, total",
    "VITE(mg)": "vitamin E; calculated by summation of the vitamin E activities of the active tocopherols and tocotrienols; expressed as alpha-tocopherol equivalents",
    "TOCPHA(mg)": "alpha-tocopherol",
    "TOCPHG(mg)": "gamma-tocopherol",
    "TOCPHD(mg)": "delta-tocopherol",
    "TOCTRA(mg)": "alpha-tocotrienol",
    "TOCTRD(mg)": "delta-tocotrienol",
    "THIA(mg)": "thiamin",
    "RIBF(mg)": "riboflavin",
    "NIAEQ(mg)": "niacin equivalents, total",
    "NIA(mg)": "niacin, preformed",
    "NIA-(mg)": "niacin; method or form unknown",
    "FOL(mcg)": "folate, total",
    "FOL-(mcg)": "folate; method unknown or variable",
    "VITC(mg)": "vitamin C ",
    "ASCL(mg)": "L-ascorbic acid",
    "ASCDL(mg)": "L-dehydroascorbic acid",
    "VITC-(mg)": "vitamin C; method unknown or variable",
    "SUGAR(g)": "sugars, total",
    "SUGARM(g)": "sugars, total; expressed as monosaccharide equivalents",
    "SUGRD(g)": "sugars, reducing",
    "SUGAR-(g)": "sugars, total; expression unknown",
    "FRUS(g)": "fructose",
    "GALS(g)": "galactose",
    "GLUS(g)": "glucose",
    "RIBS(g)": "ribose",
    "XYLS(g)": "xylose",
    "SUCS(g)": "sucrose",
    "MALS(g)": "maltose",
    "AMYS(g)": "Amylose",
    "STARCH(g)": "starch, available",
    "STARCHM(g)": "starch, available; expressed as monosaccharide equivalents",
    "SORTL(mg)": "sorbitol",
    "WAX(g)": "wax, total",
    "FAFRE(g)": "fatty acids, total free",
    "MGLY(g)": "monoglycerides, total",
    "DGLY(g)": "diglycerides, total",
    "TGLY(g)": "triglycerides, total",
    "PHOAC(g)": "phosphatidic Acid",
    "PHOSER(g)": "phosphatidylserine",
    "PHOETHN(g)": "phosphatidylethanolamine",
    "PHOINOTL(g)": "phosphatidylinositol",
    "CHLNP(g)": "phosphatidyl choline",
    "XFA (internal use)": "fatty acid conversion factor for internal use",
    "F10D0(g)": "fatty acid 10:0",
    "F12D0(g)": "fatty acid 12:0",
    "F13D0(g)": "fatty acid 13:0",
    "F14D0(g)": "fatty acid 14:0",
    "F15D0(g)": "fatty acid 15:0",
    "F16D0(g)": "fatty acid 16:0",
    "F17D0(g)": "fatty acid 17:0",
    "F18D0(g)": "fatty acid 18:0",
    "F20D0(g)": "fatty acid 20:0",
    "F21D0(g)": "fatty acid 21:0",
    "F22D0(g)": "fatty acid 22:0",
    "F24D0(g)": "fatty acid 24:0",
    "F14D1(g)": "fatty acid 14:1",
    "F16D1(g)": "fatty acid 16:1",
    "F17D1(g)": "fatty acid 17:1",
    "F18D1N9(g)": "fatty acid 18:1 n-9",
    "F18D1(g)": "fatty acid 18:1",
    "F20D1(g)": "fatty acid 20:1",
    "F22D1(g)": "fatty acid 22:1",
    "F24D1(g)": "fatty acid 24:1",
    "F16D2(g)": "fatty acid 16:2",
    "F18D2N6(g)": "fatty acid 18:2 n-6",
    "F18D2CN6(g)": "fatty acid 18:2 cis n-6",
    "F18D2(g)": "fatty acid 18:2",
    "F20D2N6(g)": "fatty acid 20:2 n-6",
    "F20D2(g)": "fatty acid 20:2",
    "F22D2(g)": "fatty acid 22:2",
    "F18D3N3(g)": "fatty acid 18:3 n-3",
    "F18D3CN3(g)": "fatty acid 18:3 cis n-3",
    "F18D3(g)": "fatty acid 18:3",
    "F20D3N6(g)": "fatty acid 20:3 n-6",
    "F18D4N3(g)": "fatty acid 18:4 n-3",
    "F20D4N6(g)": "fatty acid 20:4 n-6",
    "F22D4N6(g)": "fatty acid 22:4 n-6",
    "F20D5N3(g)": "fatty acid 20:5 n-3",
    "F22D5N3(g)": "fatty acid 22:5 n-3",
    "F22D6N3(g)": "fatty acid 22:6 n-3",
    "AAT24(mg)": "amino acids, total",
    "AAA(mg)": "amino acids, total aromatic",
    "ALA(mg)": "alanine",
    "ARG(mg)": "arginine",
    "ASN(mg)": "asparagine",
    "ASP(mg)": "aspartic acid",
    "CYS(mg)": "cystine",
    "GLN(mg)": "glutamine",
    "GLU(mg)": "glutamic acid",
    "GLY(mg)": "glycine",
    "HIS(mg)": "histidine",
    "ILE(mg)": "isoleucine",
    "LEU(mg)": "leucine",
    "LYS(mg)": "lysine",
    "MET(mg)": "methionine",
    "PHE(mg)": "phenylalanine",
    "PRO(mg)": "proline",
    "SER(mg)": "serine",
    "THR(mg)": "threonine",
    "TRP(mg)": "tryptophan",
    "TYR(mg)": "tyrosine",
    "VAL(mg)": "valine",
    "ACEAC(mg)": "acetic acid",
    "MALAC(mg)": "malic acid",
    "OXALAC(mg)": "oxalic acid",
    "PHYTAC(mg)": "phytic acid",
    "QUINAC(mg)": "quinic acid",
    "SHIKAC(mg)": "shikimic acid",
    "SUCAC(mg)": "succinic acid ",
    "OA(g)": "organic acids, total",
    "ANTCYAN(mcg)": "anthocyanidin, total",
    "CAFFAC(mg)": "caffeic acid",
    "CATEC(mcg)": "catechin",
    "CATECT(mcg)": "catechins, total",
    "CHLRAC(mg)": "chlorogenic acid",
    "CINAC(mg)": "cinnamic acids",
    "CITAC(mg)": "citric acid",
    "ELLAC(mg)": "ellagic acid",
    "EPICATEC(mcg)": "epicatechin",
    "FLAVD(mcg)": "flavonoids, total ",
    "FLAVO(mg)": "flavonols, total",
    "FERAC(mg)": "ferulic acid",
    "FUMAC(mg)": "fumaric acid",
    "GALAAC(mg)": "galacturonic acid ",
    "GALLAC(mg)": "gallic acid",
    "HESPD(mcg)": "hesperidin",
    "ISOHA(mcg)": "isohamnetin",
    "KAEMF(mcg)": "kaempferol",
    "LUTEOL(mcg)": "luteolin",
    "MYRIC(mcg)": "myricetin",
    "NARING(mcg)": "naringenin",
    "PAPOLY(mg)": "proanthocyanidin polymers (>10mers)",
    "PCHOUAC(mg)": "p-coumaric acid",
    "PROCYA(mcg)": "procyanidins, total",
    "QUERCE(mcg)": "quercetin",
    "RUTIN(mcg)": "rutin",
    "RESVTROL(mcg)": "resveratrol",
    "SINPAC(mg)": "sinapic acid",
    "SYRAC(mg)": "syringic acid",
    "VANAC(mg)": "vanillic acid",
    "TAN(mg)": "tannins, total",
    "GABA(mg)": "gamma-aminobutyric acid",
    "SAPON(mg)": "saponins"
  },
  {
    "": "1",
    "Food Item ID": "",
    "Country, region": "",
    "Foodname in own language": "",
    "Foodname in English": "",
    "Processing": "",
    "Scientific name": "",
    "Season": "",
    "Other": "",
    "n": "",
    "Comments on data processing/methods": "",
    "Publication year": "",
    "BiblioID": "",
    "Compiler ID": "",
    "Latest Revision in Version": "",
    "EDIBLE": "",
    "ENERC(kJ) (original)": "",
    "ENERC(kcal) (original)": "",
    "ENERA(kcal)": "",
    "WATER(g)": "06",
    "XN": "",
    "NT(g)": "",
    "NNP(mg)": "",
    "NPRO(g)": "",
    "PROTCNT(g)": "",
    "PROTCNA(g)": "",
    "PROT-(g)": "",
    "FAT(g)": "",
    "FATCE(g)": "",
    "FAT-(g)": "",
    "FAUN(g)": "",
    "CHOAVLDF(g)": "",
    "CHOCDF(g)": "",
    "CHOAVLM(g)": "",
    "CHO-(g)": "",
    "FIBTG(g)": "",
    "FIBTS(g)": "",
    "FIBAD(g)": "",
    "FIBND(g)": "",
    "FIBC(g)": "",
    "FIB-(g)": "",
    "NSP(g)": "",
    "FIBINS(g)": "",
    "FIBSOL(g)": "",
    "PSACNC(g)": "",
    "CELLU(g)": "",
    "LIGN(g)": "",
    "PECT(g)": "",
    "ASH(g)": "",
    "B(mcg)": "",
    "CA(mg)": "06",
    "CLD(mg)": "",
    "CO(mcg)": "",
    "CR(mcg)": "",
    "CU(mg)": "06",
    "FE(mg)": "",
    "K(mg)": "06",
    "MG(mg)": "06",
    "MN(mg)": "06",
    "MO(mcg)": "",
    "NA(mg)": "06",
    "NI(mcg)": "",
    "P(mg)": "06",
    "S(mg)": "",
    "SE(mcg)": "",
    "V(mcg)": "",
    "ZN(mg)": "06",
    "PB(mcg)": "",
    "NITRA(mg)": "",
    "NITRI(mg)": "",
    "VITA_RAE(mcg)": "",
    "VITA(mcg)": "",
    "VITA-(mcg)": "",
    "CARTBEQ(mcg)": "",
    "CAROT(mcg)": "",
    "CARTA(mcg)": "",
    "CARTB(mcg)": "",
    "CARTBCIS(mcg)": "",
    "CARTG(mcg)": "",
    "CRYPX(mcg)": "",
    "CRYPXA(mcg) ": "",
    "CRYPXB(mcg)": "",
    "LUTN(mcg)": "",
    "LUTNZEA(mcg)": "",
    "LYCPN(mcg)": "",
    "NEUROSP(mcg)": "",
    "VIOLX(mcg)": "",
    "ZEA(mcg)": "",
    "CARTOID(mcg)": "",
    "VITE(mg)": "",
    "TOCPHA(mg)": "",
    "TOCPHG(mg)": "",
    "TOCPHD(mg)": "",
    "TOCTRA(mg)": "",
    "TOCTRD(mg)": "",
    "THIA(mg)": "",
    "RIBF(mg)": "",
    "NIAEQ(mg)": "",
    "NIA(mg)": "",
    "NIA-(mg)": "",
    "FOL(mcg)": "",
    "FOL-(mcg)": "",
    "VITC(mg)": "",
    "ASCL(mg)": "",
    "ASCDL(mg)": "",
    "VITC-(mg)": "",
    "SUGAR(g)": "",
    "SUGARM(g)": "",
    "SUGRD(g)": "",
    "SUGAR-(g)": "",
    "FRUS(g)": "",
    "GALS(g)": "",
    "GLUS(g)": "",
    "RIBS(g)": "",
    "XYLS(g)": "",
    "SUCS(g)": "",
    "MALS(g)": "",
    "AMYS(g)": "",
    "STARCH(g)": "",
    "STARCHM(g)": "",
    "SORTL(mg)": "",
    "WAX(g)": "",
    "FAFRE(g)": "",
    "MGLY(g)": "",
    "DGLY(g)": "",
    "TGLY(g)": "",
    "PHOAC(g)": "",
    "PHOSER(g)": "",
    "PHOETHN(g)": "",
    "PHOINOTL(g)": "",
    "CHLNP(g)": "",
    "XFA (internal use)": "",
    "F10D0(g)": "",
    "F12D0(g)": "",
    "F13D0(g)": "",
    "F14D0(g)": "",
    "F15D0(g)": "",
    "F16D0(g)": "",
    "F17D0(g)": "",
    "F18D0(g)": "",
    "F20D0(g)": "",
    "F21D0(g)": "",
    "F22D0(g)": "",
    "F24D0(g)": "",
    "F14D1(g)": "",
    "F16D1(g)": "",
    "F17D1(g)": "",
    "F18D1N9(g)": "",
    "F18D1(g)": "",
    "F20D1(g)": "",
    "F22D1(g)": "",
    "F24D1(g)": "",
    "F16D2(g)": "",
    "F18D2N6(g)": "",
    "F18D2CN6(g)": "",
    "F18D2(g)": "",
    "F20D2N6(g)": "",
    "F20D2(g)": "",
    "F22D2(g)": "",
    "F18D3N3(g)": "",
    "F18D3CN3(g)": "",
    "F18D3(g)": "",
    "F20D3N6(g)": "",
    "F18D4N3(g)": "",
    "F20D4N6(g)": "",
    "F22D4N6(g)": "",
    "F20D5N3(g)": "",
    "F22D5N3(g)": "",
    "F22D6N3(g)": "",
    "AAT24(mg)": "",
    "AAA(mg)": "",
    "ALA(mg)": "",
    "ARG(mg)": "",
    "ASN(mg)": "",
    "ASP(mg)": "",
    "CYS(mg)": "",
    "GLN(mg)": "",
    "GLU(mg)": "",
    "GLY(mg)": "",
    "HIS(mg)": "",
    "ILE(mg)": "",
    "LEU(mg)": "",
    "LYS(mg)": "",
    "MET(mg)": "",
    "PHE(mg)": "",
    "PRO(mg)": "",
    "SER(mg)": "",
    "THR(mg)": "",
    "TRP(mg)": "",
    "TYR(mg)": "",
    "VAL(mg)": "",
    "ACEAC(mg)": "",
    "MALAC(mg)": "",
    "OXALAC(mg)": "",
    "PHYTAC(mg)": "",
    "QUINAC(mg)": "",
    "SHIKAC(mg)": "",
    "SUCAC(mg)": "",
    "OA(g)": "",
    "ANTCYAN(mcg)": "",
    "CAFFAC(mg)": "",
    "CATEC(mcg)": "",
    "CATECT(mcg)": "",
    "CHLRAC(mg)": "",
    "CINAC(mg)": "",
    "CITAC(mg)": "",
    "ELLAC(mg)": "",
    "EPICATEC(mcg)": "",
    "FLAVD(mcg)": "",
    "FLAVO(mg)": "",
    "FERAC(mg)": "",
    "FUMAC(mg)": "",
    "GALAAC(mg)": "",
    "GALLAC(mg)": "",
    "HESPD(mcg)": "",
    "ISOHA(mcg)": "",
    "KAEMF(mcg)": "",
    "LUTEOL(mcg)": "",
    "MYRIC(mcg)": "",
    "NARING(mcg)": "",
    "PAPOLY(mg)": "",
    "PCHOUAC(mg)": "",
    "PROCYA(mcg)": "",
    "QUERCE(mcg)": "",
    "RUTIN(mcg)": "",
    "RESVTROL(mcg)": "",
    "SINPAC(mg)": "",
    "SYRAC(mg)": "",
    "VANAC(mg)": "",
    "TAN(mg)": "",
    "GABA(mg)": "",
    "SAPON(mg)": ""
  },
  {
    "": "2",
    "Food Item ID": "600001.0",
    "Country, region": "Malawi, Zomba district",
    "Foodname in own language": "",
    "Foodname in English": "Avocado, raw",
    "Processing": "r",
    "Scientific name": "Persea americana",
    "Season": "February/March, 1987",
    "Other": "",
    "n": "",
    "Comments on data processing/methods": "data are expresesd in edile portion ",
    "Publication year": "1989.0",
    "BiblioID": "tu3",
    "Compiler ID": "MS",
    "Latest Revision in Version": "1.1",
    "EDIBLE": "",
    "ENERC(kJ) (original)": "",
    "ENERC(kcal) (original)": "",
    "ENERA(kcal)": "",
    "WATER(g)": "78",
    "XN": "",
    "NT(g)": "",
    "NNP(mg)": "",
    "NPRO(g)": "",
    "PROTCNT(g)": "",
    "PROTCNA(g)": "",
    "PROT-(g)": "",
    "FAT(g)": "",
    "FATCE(g)": "",
    "FAT-(g)": "",
    "FAUN(g)": "",
    "CHOAVLDF(g)": "",
    "CHOCDF(g)": "",
    "CHOAVLM(g)": "",
    "CHO-(g)": "",
    "FIBTG(g)": "",
    "FIBTS(g)": "",
    "FIBAD(g)": "",
    "FIBND(g)": "",
    "FIBC(g)": "",
    "FIB-(g)": "",
    "NSP(g)": "",
    "FIBINS(g)": "",
    "FIBSOL(g)": "",
    "PSACNC(g)": "",
    "CELLU(g)": "",
    "LIGN(g)": "",
    "PECT(g)": "",
    "ASH(g)": "",
    "B(mcg)": "",
    "CA(mg)": "7",
    "CLD(mg)": "",
    "CO(mcg)": "",
    "CR(mcg)": "",
    "CU(mg)": "0.3",
    "FE(mg)": "",
    "K(mg)": "455",
    "MG(mg)": "14",
    "MN(mg)": "0.17",
    "MO(mcg)": "",
    "NA(mg)": "9",
    "NI(mcg)": "",
    "P(mg)": "40",
    "S(mg)": "",
    "SE(mcg)": "",
    "V(mcg)": "",
    "ZN(mg)": "0.3",
    "PB(mcg)": "",
    "NITRA(mg)": "",
    "NITRI(mg)": "",
    "VITA_RAE(mcg)": "",
    "VITA(mcg)": "",
    "VITA-(mcg)": "",
    "CARTBEQ(mcg)": "",
    "CAROT(mcg)": "",
    "CARTA(mcg)": "",
    "CARTB(mcg)": "",
    "CARTBCIS(mcg)": "",
    "CARTG(mcg)": "",
    "CRYPX(mcg)": "",
    "CRYPXA(mcg) ": "",
    "CRYPXB(mcg)": "",
    "LUTN(mcg)": "",
    "LUTNZEA(mcg)": "",
    "LYCPN(mcg)": "",
    "NEUROSP(mcg)": "",
    "VIOLX(mcg)": "",
    "ZEA(mcg)": "",
    "CARTOID(mcg)": "",
    "VITE(mg)": "",
    "TOCPHA(mg)": "",
    "TOCPHG(mg)": "",
    "TOCPHD(mg)": "",
    "TOCTRA(mg)": "",
    "TOCTRD(mg)": "",
    "THIA(mg)": "",
    "RIBF(mg)": "",
    "NIAEQ(mg)": "",
    "NIA(mg)": "",
    "NIA-(mg)": "",
    "FOL(mcg)": "",
    "FOL-(mcg)": "",
    "VITC(mg)": "",
    "ASCL(mg)": "",
    "ASCDL(mg)": "",
    "VITC-(mg)": "",
    "SUGAR(g)": "",
    "SUGARM(g)": "",
    "SUGRD(g)": "",
    "SUGAR-(g)": "",
    "FRUS(g)": "",
    "GALS(g)": "",
    "GLUS(g)": "",
    "RIBS(g)": "",
    "XYLS(g)": "",
    "SUCS(g)": "",
    "MALS(g)": "",
    "AMYS(g)": "",
    "STARCH(g)": "",
    "STARCHM(g)": "",
    "SORTL(mg)": "",
    "WAX(g)": "",
    "FAFRE(g)": "",
    "MGLY(g)": "",
    "DGLY(g)": "",
    "TGLY(g)": "",
    "PHOAC(g)": "",
    "PHOSER(g)": "",
    "PHOETHN(g)": "",
    "PHOINOTL(g)": "",
    "CHLNP(g)": "",
    "XFA (internal use)": "",
    "F10D0(g)": "",
    "F12D0(g)": "",
    "F13D0(g)": "",
    "F14D0(g)": "",
    "F15D0(g)": "",
    "F16D0(g)": "",
    "F17D0(g)": "",
    "F18D0(g)": "",
    "F20D0(g)": "",
    "F21D0(g)": "",
    "F22D0(g)": "",
    "F24D0(g)": "",
    "F14D1(g)": "",
    "F16D1(g)": "",
    "F17D1(g)": "",
    "F18D1N9(g)": "",
    "F18D1(g)": "",
    "F20D1(g)": "",
    "F22D1(g)": "",
    "F24D1(g)": "",
    "F16D2(g)": "",
    "F18D2N6(g)": "",
    "F18D2CN6(g)": "",
    "F18D2(g)": "",
    "F20D2N6(g)": "",
    "F20D2(g)": "",
    "F22D2(g)": "",
    "F18D3N3(g)": "",
    "F18D3CN3(g)": "",
    "F18D3(g)": "",
    "F20D3N6(g)": "",
    "F18D4N3(g)": "",
    "F20D4N6(g)": "",
    "F22D4N6(g)": "",
    "F20D5N3(g)": "",
    "F22D5N3(g)": "",
    "F22D6N3(g)": "",
    "AAT24(mg)": "",
    "AAA(mg)": "",
    "ALA(mg)": "",
    "ARG(mg)": "",
    "ASN(mg)": "",
    "ASP(mg)": "",
    "CYS(mg)": "",
    "GLN(mg)": "",
    "GLU(mg)": "",
    "GLY(mg)": "",
    "HIS(mg)": "",
    "ILE(mg)": "",
    "LEU(mg)": "",
    "LYS(mg)": "",
    "MET(mg)": "",
    "PHE(mg)": "",
    "PRO(mg)": "",
    "SER(mg)": "",
    "THR(mg)": "",
    "TRP(mg)": "",
    "TYR(mg)": "",
    "VAL(mg)": "",
    "ACEAC(mg)": "",
    "MALAC(mg)": "",
    "OXALAC(mg)": "",
    "PHYTAC(mg)": "",
    "QUINAC(mg)": "",
    "SHIKAC(mg)": "",
    "SUCAC(mg)": "",
    "OA(g)": "",
    "ANTCYAN(mcg)": "",
    "CAFFAC(mg)": "",
    "CATEC(mcg)": "",
    "CATECT(mcg)": "",
    "CHLRAC(mg)": "",
    "CINAC(mg)": "",
    "CITAC(mg)": "",
    "ELLAC(mg)": "",
    "EPICATEC(mcg)": "",
    "FLAVD(mcg)": "",
    "FLAVO(mg)": "",
    "FERAC(mg)": "",
    "FUMAC(mg)": "",
    "GALAAC(mg)": "",
    "GALLAC(mg)": "",
    "HESPD(mcg)": "",
    "ISOHA(mcg)": "",
    "KAEMF(mcg)": "",
    "LUTEOL(mcg)": "",
    "MYRIC(mcg)": "",
    "NARING(mcg)": "",
    "PAPOLY(mg)": "",
    "PCHOUAC(mg)": "",
    "PROCYA(mcg)": "",
    "QUERCE(mcg)": "",
    "RUTIN(mcg)": "",
    "RESVTROL(mcg)": "",
    "SINPAC(mg)": "",
    "SYRAC(mg)": "",
    "VANAC(mg)": "",
    "TAN(mg)": "",
    "GABA(mg)": "",
    "SAPON(mg)": ""
  },
  {
    "": "3",
    "Food Item ID": "600002.0",
    "Country, region": "Malawi, Zomba district",
    "Foodname in own language": "",
    "Foodname in English": "Banana, raw",
    "Processing": "r",
    "Scientific name": "Musa paradisiaca",
    "Season": "February/March, 1987",
    "Other": "",
    "n": "",
    "Comments on data processing/methods": "data are expresesd in edile portion ",
    "Publication year": "1989.0",
    "BiblioID": "tu3",
    "Compiler ID": "MS",
    "Latest Revision in Version": "1.1",
    "EDIBLE": "",
    "ENERC(kJ) (original)": "",
    "ENERC(kcal) (original)": "",
    "ENERA(kcal)": "",
    "WATER(g)": "72",
    "XN": "",
    "NT(g)": "",
    "NNP(mg)": "",
    "NPRO(g)": "",
    "PROTCNT(g)": "",
    "PROTCNA(g)": "",
    "PROT-(g)": "",
    "FAT(g)": "",
    "FATCE(g)": "",
    "FAT-(g)": "",
    "FAUN(g)": "",
    "CHOAVLDF(g)": "",
    "CHOCDF(g)": "",
    "CHOAVLM(g)": "",
    "CHO-(g)": "",
    "FIBTG(g)": "",
    "FIBTS(g)": "",
    "FIBAD(g)": "",
    "FIBND(g)": "",
    "FIBC(g)": "",
    "FIB-(g)": "",
    "NSP(g)": "",
    "FIBINS(g)": "",
    "FIBSOL(g)": "",
    "PSACNC(g)": "",
    "CELLU(g)": "",
    "LIGN(g)": "",
    "PECT(g)": "",
    "ASH(g)": "",
    "B(mcg)": "",
    "CA(mg)": "9",
    "CLD(mg)": "",
    "CO(mcg)": "",
    "CR(mcg)": "",
    "CU(mg)": "",
    "FE(mg)": "",
    "K(mg)": "",
    "MG(mg)": "",
    "MN(mg)": "0.74",
    "MO(mcg)": "",
    "NA(mg)": "",
    "NI(mcg)": "",
    "P(mg)": "26",
    "S(mg)": "",
    "SE(mcg)": "",
    "V(mcg)": "",
    "ZN(mg)": "0.2",
    "PB(mcg)": "",
    "NITRA(mg)": "",
    "NITRI(mg)": "",
    "VITA_RAE(mcg)": "",
    "VITA(mcg)": "",
    "VITA-(mcg)": "",
    "CARTBEQ(mcg)": "",
    "CAROT(mcg)": "",
    "CARTA(mcg)": "",
    "CARTB(mcg)": "",
    "CARTBCIS(mcg)": "",
    "CARTG(mcg)": "",
    "CRYPX(mcg)": "",
    "CRYPXA(mcg) ": "",
    "CRYPXB(mcg)": "",
    "LUTN(mcg)": "",
    "LUTNZEA(mcg)": "",
    "LYCPN(mcg)": "",
    "NEUROSP(mcg)": "",
    "VIOLX(mcg)": "",
    "ZEA(mcg)": "",
    "CARTOID(mcg)": "",
    "VITE(mg)": "",
    "TOCPHA(mg)": "",
    "TOCPHG(mg)": "",
    "TOCPHD(mg)": "",
    "TOCTRA(mg)": "",
    "TOCTRD(mg)": "",
    "THIA(mg)": "",
    "RIBF(mg)": "",
    "NIAEQ(mg)": "",
    "NIA(mg)": "",
    "NIA-(mg)": "",
    "FOL(mcg)": "",
    "FOL-(mcg)": "",
    "VITC(mg)": "",
    "ASCL(mg)": "",
    "ASCDL(mg)": "",
    "VITC-(mg)": "",
    "SUGAR(g)": "",
    "SUGARM(g)": "",
    "SUGRD(g)": "",
    "SUGAR-(g)": "",
    "FRUS(g)": "",
    "GALS(g)": "",
    "GLUS(g)": "",
    "RIBS(g)": "",
    "XYLS(g)": "",
    "SUCS(g)": "",
    "MALS(g)": "",
    "AMYS(g)": "",
    "STARCH(g)": "",
    "STARCHM(g)": "",
    "SORTL(mg)": "",
    "WAX(g)": "",
    "FAFRE(g)": "",
    "MGLY(g)": "",
    "DGLY(g)": "",
    "TGLY(g)": "",
    "PHOAC(g)": "",
    "PHOSER(g)": "",
    "PHOETHN(g)": "",
    "PHOINOTL(g)": "",
    "CHLNP(g)": "",
    "XFA (internal use)": "",
    "F10D0(g)": "",
    "F12D0(g)": "",
    "F13D0(g)": "",
    "F14D0(g)": "",
    "F15D0(g)": "",
    "F16D0(g)": "",
    "F17D0(g)": "",
    "F18D0(g)": "",
    "F20D0(g)": "",
    "F21D0(g)": "",
    "F22D0(g)": "",
    "F24D0(g)": "",
    "F14D1(g)": "",
    "F16D1(g)": "",
    "F17D1(g)": "",
    "F18D1N9(g)": "",
    "F18D1(g)": "",
    "F20D1(g)": "",
    "F22D1(g)": "",
    "F24D1(g)": "",
    "F16D2(g)": "",
    "F18D2N6(g)": "",
    "F18D2CN6(g)": "",
    "F18D2(g)": "",
    "F20D2N6(g)": "",
    "F20D2(g)": "",
    "F22D2(g)": "",
    "F18D3N3(g)": "",
    "F18D3CN3(g)": "",
    "F18D3(g)": "",
    "F20D3N6(g)": "",
    "F18D4N3(g)": "",
    "F20D4N6(g)": "",
    "F22D4N6(g)": "",
    "F20D5N3(g)": "",
    "F22D5N3(g)": "",
    "F22D6N3(g)": "",
    "AAT24(mg)": "",
    "AAA(mg)": "",
    "ALA(mg)": "",
    "ARG(mg)": "",
    "ASN(mg)": "",
    "ASP(mg)": "",
    "CYS(mg)": "",
    "GLN(mg)": "",
    "GLU(mg)": "",
    "GLY(mg)": "",
    "HIS(mg)": "",
    "ILE(mg)": "",
    "LEU(mg)": "",
    "LYS(mg)": "",
    "MET(mg)": "",
    "PHE(mg)": "",
    "PRO(mg)": "",
    "SER(mg)": "",
    "THR(mg)": "",
    "TRP(mg)": "",
    "TYR(mg)": "",
    "VAL(mg)": "",
    "ACEAC(mg)": "",
    "MALAC(mg)": "",
    "OXALAC(mg)": "",
    "PHYTAC(mg)": "",
    "QUINAC(mg)": "",
    "SHIKAC(mg)": "",
    "SUCAC(mg)": "",
    "OA(g)": "",
    "ANTCYAN(mcg)": "",
    "CAFFAC(mg)": "",
    "CATEC(mcg)": "",
    "CATECT(mcg)": "",
    "CHLRAC(mg)": "",
    "CINAC(mg)": "",
    "CITAC(mg)": "",
    "ELLAC(mg)": "",
    "EPICATEC(mcg)": "",
    "FLAVD(mcg)": "",
    "FLAVO(mg)": "",
    "FERAC(mg)": "",
    "FUMAC(mg)": "",
    "GALAAC(mg)": "",
    "GALLAC(mg)": "",
    "HESPD(mcg)": "",
    "ISOHA(mcg)": "",
    "KAEMF(mcg)": "",
    "LUTEOL(mcg)": "",
    "MYRIC(mcg)": "",
    "NARING(mcg)": "",
    "PAPOLY(mg)": "",
    "PCHOUAC(mg)": "",
    "PROCYA(mcg)": "",
    "QUERCE(mcg)": "",
    "RUTIN(mcg)": "",
    "RESVTROL(mcg)": "",
    "SINPAC(mg)": "",
    "SYRAC(mg)": "",
    "VANAC(mg)": "",
    "TAN(mg)": "",
    "GABA(mg)": "",
    "SAPON(mg)": ""
  },
  {
    "": "4",
    "Food Item ID": "600003.0",
    "Country, region": "Malawi, Zomba district",
    "Foodname in own language": "",
    "Foodname in English": "Indian plum, raw",
    "Processing": "r",
    "Scientific name": "Flacourtia indica",
    "Season": "February/March, 1987",
    "Other": "",
    "n": "",
    "Comments on data processing/methods": "data are expresesd in edile portion ",
    "Publication year": "1989.0",
    "BiblioID": "tu3",
    "Compiler ID": "MS",
    "Latest Revision in Version": "1.1",
    "EDIBLE": "",
    "ENERC(kJ) (original)": "",
    "ENERC(kcal) (original)": "",
    "ENERA(kcal)": "",
    "WATER(g)": "72",
    "XN": "",
    "NT(g)": "",
    "NNP(mg)": "",
    "NPRO(g)": "",
    "PROTCNT(g)": "",
    "PROTCNA(g)": "",
    "PROT-(g)": "",
    "FAT(g)": "",
    "FATCE(g)": "",
    "FAT-(g)": "",
    "FAUN(g)": "",
    "CHOAVLDF(g)": "",
    "CHOCDF(g)": "",
    "CHOAVLM(g)": "",
    "CHO-(g)": "",
    "FIBTG(g)": "",
    "FIBTS(g)": "",
    "FIBAD(g)": "",
    "FIBND(g)": "",
    "FIBC(g)": "",
    "FIB-(g)": "",
    "NSP(g)": "",
    "FIBINS(g)": "",
    "FIBSOL(g)": "",
    "PSACNC(g)": "",
    "CELLU(g)": "",
    "LIGN(g)": "",
    "PECT(g)": "",
    "ASH(g)": "",
    "B(mcg)": "",
    "CA(mg)": "67",
    "CLD(mg)": "",
    "CO(mcg)": "",
    "CR(mcg)": "",
    "CU(mg)": "0.7",
    "FE(mg)": "",
    "K(mg)": "434",
    "MG(mg)": "40",
    "MN(mg)": "2.44",
    "MO(mcg)": "",
    "NA(mg)": "11",
    "NI(mcg)": "",
    "P(mg)": "45",
    "S(mg)": "",
    "SE(mcg)": "",
    "V(mcg)": "",
    "ZN(mg)": "0.6",
    "PB(mcg)": "",
    "NITRA(mg)": "",
    "NITRI(mg)": "",
    "VITA_RAE(mcg)": "",
    "VITA(mcg)": "",
    "VITA-(mcg)": "",
    "CARTBEQ(mcg)": "",
    "CAROT(mcg)": "",
    "CARTA(mcg)": "",
    "CARTB(mcg)": "",
    "CARTBCIS(mcg)": "",
    "CARTG(mcg)": "",
    "CRYPX(mcg)": "",
    "CRYPXA(mcg) ": "",
    "CRYPXB(mcg)": "",
    "LUTN(mcg)": "",
    "LUTNZEA(mcg)": "",
    "LYCPN(mcg)": "",
    "NEUROSP(mcg)": "",
    "VIOLX(mcg)": "",
    "ZEA(mcg)": "",
    "CARTOID(mcg)": "",
    "VITE(mg)": "",
    "TOCPHA(mg)": "",
    "TOCPHG(mg)": "",
    "TOCPHD(mg)": "",
    "TOCTRA(mg)": "",
    "TOCTRD(mg)": "",
    "THIA(mg)": "",
    "RIBF(mg)": "",
    "NIAEQ(mg)": "",
    "NIA(mg)": "",
    "NIA-(mg)": "",
    "FOL(mcg)": "",
    "FOL-(mcg)": "",
    "VITC(mg)": "",
    "ASCL(mg)": "",
    "ASCDL(mg)": "",
    "VITC-(mg)": "",
    "SUGAR(g)": "",
    "SUGARM(g)": "",
    "SUGRD(g)": "",
    "SUGAR-(g)": "",
    "FRUS(g)": "",
    "GALS(g)": "",
    "GLUS(g)": "",
    "RIBS(g)": "",
    "XYLS(g)": "",
    "SUCS(g)": "",
    "MALS(g)": "",
    "AMYS(g)": "",
    "STARCH(g)": "",
    "STARCHM(g)": "",
    "SORTL(mg)": "",
    "WAX(g)": "",
    "FAFRE(g)": "",
    "MGLY(g)": "",
    "DGLY(g)": "",
    "TGLY(g)": "",
    "PHOAC(g)": "",
    "PHOSER(g)": "",
    "PHOETHN(g)": "",
    "PHOINOTL(g)": "",
    "CHLNP(g)": "",
    "XFA (internal use)": "",
    "F10D0(g)": "",
    "F12D0(g)": "",
    "F13D0(g)": "",
    "F14D0(g)": "",
    "F15D0(g)": "",
    "F16D0(g)": "",
    "F17D0(g)": "",
    "F18D0(g)": "",
    "F20D0(g)": "",
    "F21D0(g)": "",
    "F22D0(g)": "",
    "F24D0(g)": "",
    "F14D1(g)": "",
    "F16D1(g)": "",
    "F17D1(g)": "",
    "F18D1N9(g)": "",
    "F18D1(g)": "",
    "F20D1(g)": "",
    "F22D1(g)": "",
    "F24D1(g)": "",
    "F16D2(g)": "",
    "F18D2N6(g)": "",
    "F18D2CN6(g)": "",
    "F18D2(g)": "",
    "F20D2N6(g)": "",
    "F20D2(g)": "",
    "F22D2(g)": "",
    "F18D3N3(g)": "",
    "F18D3CN3(g)": "",
    "F18D3(g)": "",
    "F20D3N6(g)": "",
    "F18D4N3(g)": "",
    "F20D4N6(g)": "",
    "F22D4N6(g)": "",
    "F20D5N3(g)": "",
    "F22D5N3(g)": "",
    "F22D6N3(g)": "",
    "AAT24(mg)": "",
    "AAA(mg)": "",
    "ALA(mg)": "",
    "ARG(mg)": "",
    "ASN(mg)": "",
    "ASP(mg)": "",
    "CYS(mg)": "",
    "GLN(mg)": "",
    "GLU(mg)": "",
    "GLY(mg)": "",
    "HIS(mg)": "",
    "ILE(mg)": "",
    "LEU(mg)": "",
    "LYS(mg)": "",
    "MET(mg)": "",
    "PHE(mg)": "",
    "PRO(mg)": "",
    "SER(mg)": "",
    "THR(mg)": "",
    "TRP(mg)": "",
    "TYR(mg)": "",
    "VAL(mg)": "",
    "ACEAC(mg)": "",
    "MALAC(mg)": "",
    "OXALAC(mg)": "",
    "PHYTAC(mg)": "",
    "QUINAC(mg)": "",
    "SHIKAC(mg)": "",
    "SUCAC(mg)": "",
    "OA(g)": "",
    "ANTCYAN(mcg)": "",
    "CAFFAC(mg)": "",
    "CATEC(mcg)": "",
    "CATECT(mcg)": "",
    "CHLRAC(mg)": "",
    "CINAC(mg)": "",
    "CITAC(mg)": "",
    "ELLAC(mg)": "",
    "EPICATEC(mcg)": "",
    "FLAVD(mcg)": "",
    "FLAVO(mg)": "",
    "FERAC(mg)": "",
    "FUMAC(mg)": "",
    "GALAAC(mg)": "",
    "GALLAC(mg)": "",
    "HESPD(mcg)": "",
    "ISOHA(mcg)": "",
    "KAEMF(mcg)": "",
    "LUTEOL(mcg)": "",
    "MYRIC(mcg)": "",
    "NARING(mcg)": "",
    "PAPOLY(mg)": "",
    "PCHOUAC(mg)": "",
    "PROCYA(mcg)": "",
    "QUERCE(mcg)": "",
    "RUTIN(mcg)": "",
    "RESVTROL(mcg)": "",
    "SINPAC(mg)": "",
    "SYRAC(mg)": "",
    "VANAC(mg)": "",
    "TAN(mg)": "",
    "GABA(mg)": "",
    "SAPON(mg)": ""
  },
  {
    "": "5",
    "Food Item ID": "600004.0",
    "Country, region": "Malawi, Zomba district",
    "Foodname in own language": "",
    "Foodname in English": "Guavas, raw",
    "Processing": "r",
    "Scientific name": "Psidium guajava",
    "Season": "February/March, 1987",
    "Other": "",
    "n": "",
    "Comments on data processing/methods": "data are expresesd in edile portion ",
    "Publication year": "1989.0",
    "BiblioID": "tu3",
    "Compiler ID": "MS",
    "Latest Revision in Version": "1.1",
    "EDIBLE": "",
    "ENERC(kJ) (original)": "",
    "ENERC(kcal) (original)": "",
    "ENERA(kcal)": "",
    "WATER(g)": "83",
    "XN": "",
    "NT(g)": "",
    "NNP(mg)": "",
    "NPRO(g)": "",
    "PROTCNT(g)": "",
    "PROTCNA(g)": "",
    "PROT-(g)": "",
    "FAT(g)": "",
    "FATCE(g)": "",
    "FAT-(g)": "",
    "FAUN(g)": "",
    "CHOAVLDF(g)": "",
    "CHOCDF(g)": "",
    "CHOAVLM(g)": "",
    "CHO-(g)": "",
    "FIBTG(g)": "",
    "FIBTS(g)": "",
    "FIBAD(g)": "",
    "FIBND(g)": "",
    "FIBC(g)": "",
    "FIB-(g)": "",
    "NSP(g)": "",
    "FIBINS(g)": "",
    "FIBSOL(g)": "",
    "PSACNC(g)": "",
    "CELLU(g)": "",
    "LIGN(g)": "",
    "PECT(g)": "",
    "ASH(g)": "",
    "B(mcg)": "",
    "CA(mg)": "7",
    "CLD(mg)": "",
    "CO(mcg)": "",
    "CR(mcg)": "",
    "CU(mg)": "0.1",
    "FE(mg)": "",
    "K(mg)": "282",
    "MG(mg)": "18",
    "MN(mg)": "0.09",
    "MO(mcg)": "",
    "NA(mg)": "7",
    "NI(mcg)": "",
    "P(mg)": "28",
    "S(mg)": "",
    "SE(mcg)": "",
    "V(mcg)": "",
    "ZN(mg)": "0.2",
    "PB(mcg)": "",
    "NITRA(mg)": "",
    "NITRI(mg)": "",
    "VITA_RAE(mcg)": "",
    "VITA(mcg)": "",
    "VITA-(mcg)": "",
    "CARTBEQ(mcg)": "",
    "CAROT(mcg)": "",
    "CARTA(mcg)": "",
    "CARTB(mcg)": "",
    "CARTBCIS(mcg)": "",
    "CARTG(mcg)": "",
    "CRYPX(mcg)": "",
    "CRYPXA(mcg) ": "",
    "CRYPXB(mcg)": "",
    "LUTN(mcg)": "",
    "LUTNZEA(mcg)": "",
    "LYCPN(mcg)": "",
    "NEUROSP(mcg)": "",
    "VIOLX(mcg)": "",
    "ZEA(mcg)": "",
    "CARTOID(mcg)": "",
    "VITE(mg)": "",
    "TOCPHA(mg)": "",
    "TOCPHG(mg)": "",
    "TOCPHD(mg)": "",
    "TOCTRA(mg)": "",
    "TOCTRD(mg)": "",
    "THIA(mg)": "",
    "RIBF(mg)": "",
    "NIAEQ(mg)": "",
    "NIA(mg)": "",
    "NIA-(mg)": "",
    "FOL(mcg)": "",
    "FOL-(mcg)": "",
    "VITC(mg)": "",
    "ASCL(mg)": "",
    "ASCDL(mg)": "",
    "VITC-(mg)": "",
    "SUGAR(g)": "",
    "SUGARM(g)": "",
    "SUGRD(g)": "",
    "SUGAR-(g)": "",
    "FRUS(g)": "",
    "GALS(g)": "",
    "GLUS(g)": "",
    "RIBS(g)": "",
    "XYLS(g)": "",
    "SUCS(g)": "",
    "MALS(g)": "",
    "AMYS(g)": "",
    "STARCH(g)": "",
    "STARCHM(g)": "",
    "SORTL(mg)": "",
    "WAX(g)": "",
    "FAFRE(g)": "",
    "MGLY(g)": "",
    "DGLY(g)": "",
    "TGLY(g)": "",
    "PHOAC(g)": "",
    "PHOSER(g)": "",
    "PHOETHN(g)": "",
    "PHOINOTL(g)": "",
    "CHLNP(g)": "",
    "XFA (internal use)": "",
    "F10D0(g)": "",
    "F12D0(g)": "",
    "F13D0(g)": "",
    "F14D0(g)": "",
    "F15D0(g)": "",
    "F16D0(g)": "",
    "F17D0(g)": "",
    "F18D0(g)": "",
    "F20D0(g)": "",
    "F21D0(g)": "",
    "F22D0(g)": "",
    "F24D0(g)": "",
    "F14D1(g)": "",
    "F16D1(g)": "",
    "F17D1(g)": "",
    "F18D1N9(g)": "",
    "F18D1(g)": "",
    "F20D1(g)": "",
    "F22D1(g)": "",
    "F24D1(g)": "",
    "F16D2(g)": "",
    "F18D2N6(g)": "",
    "F18D2CN6(g)": "",
    "F18D2(g)": "",
    "F20D2N6(g)": "",
    "F20D2(g)": "",
    "F22D2(g)": "",
    "F18D3N3(g)": "",
    "F18D3CN3(g)": "",
    "F18D3(g)": "",
    "F20D3N6(g)": "",
    "F18D4N3(g)": "",
    "F20D4N6(g)": "",
    "F22D4N6(g)": "",
    "F20D5N3(g)": "",
    "F22D5N3(g)": "",
    "F22D6N3(g)": "",
    "AAT24(mg)": "",
    "AAA(mg)": "",
    "ALA(mg)": "",
    "ARG(mg)": "",
    "ASN(mg)": "",
    "ASP(mg)": "",
    "CYS(mg)": "",
    "GLN(mg)": "",
    "GLU(mg)": "",
    "GLY(mg)": "",
    "HIS(mg)": "",
    "ILE(mg)": "",
    "LEU(mg)": "",
    "LYS(mg)": "",
    "MET(mg)": "",
    "PHE(mg)": "",
    "PRO(mg)": "",
    "SER(mg)": "",
    "THR(mg)": "",
    "TRP(mg)": "",
    "TYR(mg)": "",
    "VAL(mg)": "",
    "ACEAC(mg)": "",
    "MALAC(mg)": "",
    "OXALAC(mg)": "",
    "PHYTAC(mg)": "",
    "QUINAC(mg)": "",
    "SHIKAC(mg)": "",
    "SUCAC(mg)": "",
    "OA(g)": "",
    "ANTCYAN(mcg)": "",
    "CAFFAC(mg)": "",
    "CATEC(mcg)": "",
    "CATECT(mcg)": "",
    "CHLRAC(mg)": "",
    "CINAC(mg)": "",
    "CITAC(mg)": "",
    "ELLAC(mg)": "",
    "EPICATEC(mcg)": "",
    "FLAVD(mcg)": "",
    "FLAVO(mg)": "",
    "FERAC(mg)": "",
    "FUMAC(mg)": "",
    "GALAAC(mg)": "",
    "GALLAC(mg)": "",
    "HESPD(mcg)": "",
    "ISOHA(mcg)": "",
    "KAEMF(mcg)": "",
    "LUTEOL(mcg)": "",
    "MYRIC(mcg)": "",
    "NARING(mcg)": "",
    "PAPOLY(mg)": "",
    "PCHOUAC(mg)": "",
    "PROCYA(mcg)": "",
    "QUERCE(mcg)": "",
    "RUTIN(mcg)": "",
    "RESVTROL(mcg)": "",
    "SINPAC(mg)": "",
    "SYRAC(mg)": "",
    "VANAC(mg)": "",
    "TAN(mg)": "",
    "GABA(mg)": "",
    "SAPON(mg)": ""
  },
  {
    "": "6",
    "Food Item ID": "600005.0",
    "Country, region": "Malawi, Zomba district",
    "Foodname in own language": "",
    "Foodname in English": "Mango, raw",
    "Processing": "r",
    "Scientific name": "Mangifera indica",
    "Season": "February/March, 1987",
    "Other": "",
    "n": "",
    "Comments on data processing/methods": "data are expresesd in edile portion ",
    "Publication year": "1989.0",
    "BiblioID": "tu3",
    "Compiler ID": "MS",
    "Latest Revision in Version": "1.1",
    "EDIBLE": "",
    "ENERC(kJ) (original)": "",
    "ENERC(kcal) (original)": "",
    "ENERA(kcal)": "",
    "WATER(g)": "82",
    "XN": "",
    "NT(g)": "",
    "NNP(mg)": "",
    "NPRO(g)": "",
    "PROTCNT(g)": "",
    "PROTCNA(g)": "",
    "PROT-(g)": "",
    "FAT(g)": "",
    "FATCE(g)": "",
    "FAT-(g)": "",
    "FAUN(g)": "",
    "CHOAVLDF(g)": "",
    "CHOCDF(g)": "",
    "CHOAVLM(g)": "",
    "CHO-(g)": "",
    "FIBTG(g)": "",
    "FIBTS(g)": "",
    "FIBAD(g)": "",
    "FIBND(g)": "",
    "FIBC(g)": "",
    "FIB-(g)": "",
    "NSP(g)": "",
    "FIBINS(g)": "",
    "FIBSOL(g)": "",
    "PSACNC(g)": "",
    "CELLU(g)": "",
    "LIGN(g)": "",
    "PECT(g)": "",
    "ASH(g)": "",
    "B(mcg)": "",
    "CA(mg)": "12",
    "CLD(mg)": "",
    "CO(mcg)": "",
    "CR(mcg)": "",
    "CU(mg)": "0.1",
    "FE(mg)": "",
    "K(mg)": "",
    "MG(mg)": "",
    "MN(mg)": "0.2",
    "MO(mcg)": "",
    "NA(mg)": "",
    "NI(mcg)": "",
    "P(mg)": "26",
    "S(mg)": "",
    "SE(mcg)": "",
    "V(mcg)": "",
    "ZN(mg)": "0.1",
    "PB(mcg)": "",
    "NITRA(mg)": "",
    "NITRI(mg)": "",
    "VITA_RAE(mcg)": "",
    "VITA(mcg)": "",
    "VITA-(mcg)": "",
    "CARTBEQ(mcg)": "",
    "CAROT(mcg)": "",
    "CARTA(mcg)": "",
    "CARTB(mcg)": "",
    "CARTBCIS(mcg)": "",
    "CARTG(mcg)": "",
    "CRYPX(mcg)": "",
    "CRYPXA(mcg) ": "",
    "CRYPXB(mcg)": "",
    "LUTN(mcg)": "",
    "LUTNZEA(mcg)": "",
    "LYCPN(mcg)": "",
    "NEUROSP(mcg)": "",
    "VIOLX(mcg)": "",
    "ZEA(mcg)": "",
    "CARTOID(mcg)": "",
    "VITE(mg)": "",
    "TOCPHA(mg)": "",
    "TOCPHG(mg)": "",
    "TOCPHD(mg)": "",
    "TOCTRA(mg)": "",
    "TOCTRD(mg)": "",
    "THIA(mg)": "",
    "RIBF(mg)": "",
    "NIAEQ(mg)": "",
    "NIA(mg)": "",
    "NIA-(mg)": "",
    "FOL(mcg)": "",
    "FOL-(mcg)": "",
    "VITC(mg)": "",
    "ASCL(mg)": "",
    "ASCDL(mg)": "",
    "VITC-(mg)": "",
    "SUGAR(g)": "",
    "SUGARM(g)": "",
    "SUGRD(g)": "",
    "SUGAR-(g)": "",
    "FRUS(g)": "",
    "GALS(g)": "",
    "GLUS(g)": "",
    "RIBS(g)": "",
    "XYLS(g)": "",
    "SUCS(g)": "",
    "MALS(g)": "",
    "AMYS(g)": "",
    "STARCH(g)": "",
    "STARCHM(g)": "",
    "SORTL(mg)": "",
    "WAX(g)": "",
    "FAFRE(g)": "",
    "MGLY(g)": "",
    "DGLY(g)": "",
    "TGLY(g)": "",
    "PHOAC(g)": "",
    "PHOSER(g)": "",
    "PHOETHN(g)": "",
    "PHOINOTL(g)": "",
    "CHLNP(g)": "",
    "XFA (internal use)": "",
    "F10D0(g)": "",
    "F12D0(g)": "",
    "F13D0(g)": "",
    "F14D0(g)": "",
    "F15D0(g)": "",
    "F16D0(g)": "",
    "F17D0(g)": "",
    "F18D0(g)": "",
    "F20D0(g)": "",
    "F21D0(g)": "",
    "F22D0(g)": "",
    "F24D0(g)": "",
    "F14D1(g)": "",
    "F16D1(g)": "",
    "F17D1(g)": "",
    "F18D1N9(g)": "",
    "F18D1(g)": "",
    "F20D1(g)": "",
    "F22D1(g)": "",
    "F24D1(g)": "",
    "F16D2(g)": "",
    "F18D2N6(g)": "",
    "F18D2CN6(g)": "",
    "F18D2(g)": "",
    "F20D2N6(g)": "",
    "F20D2(g)": "",
    "F22D2(g)": "",
    "F18D3N3(g)": "",
    "F18D3CN3(g)": "",
    "F18D3(g)": "",
    "F20D3N6(g)": "",
    "F18D4N3(g)": "",
    "F20D4N6(g)": "",
    "F22D4N6(g)": "",
    "F20D5N3(g)": "",
    "F22D5N3(g)": "",
    "F22D6N3(g)": "",
    "AAT24(mg)": "",
    "AAA(mg)": "",
    "ALA(mg)": "",
    "ARG(mg)": "",
    "ASN(mg)": "",
    "ASP(mg)": "",
    "CYS(mg)": "",
    "GLN(mg)": "",
    "GLU(mg)": "",
    "GLY(mg)": "",
    "HIS(mg)": "",
    "ILE(mg)": "",
    "LEU(mg)": "",
    "LYS(mg)": "",
    "MET(mg)": "",
    "PHE(mg)": "",
    "PRO(mg)": "",
    "SER(mg)": "",
    "THR(mg)": "",
    "TRP(mg)": "",
    "TYR(mg)": "",
    "VAL(mg)": "",
    "ACEAC(mg)": "",
    "MALAC(mg)": "",
    "OXALAC(mg)": "",
    "PHYTAC(mg)": "",
    "QUINAC(mg)": "",
    "SHIKAC(mg)": "",
    "SUCAC(mg)": "",
    "OA(g)": "",
    "ANTCYAN(mcg)": "",
    "CAFFAC(mg)": "",
    "CATEC(mcg)": "",
    "CATECT(mcg)": "",
    "CHLRAC(mg)": "",
    "CINAC(mg)": "",
    "CITAC(mg)": "",
    "ELLAC(mg)": "",
    "EPICATEC(mcg)": "",
    "FLAVD(mcg)": "",
    "FLAVO(mg)": "",
    "FERAC(mg)": "",
    "FUMAC(mg)": "",
    "GALAAC(mg)": "",
    "GALLAC(mg)": "",
    "HESPD(mcg)": "",
    "ISOHA(mcg)": "",
    "KAEMF(mcg)": "",
    "LUTEOL(mcg)": "",
    "MYRIC(mcg)": "",
    "NARING(mcg)": "",
    "PAPOLY(mg)": "",
    "PCHOUAC(mg)": "",
    "PROCYA(mcg)": "",
    "QUERCE(mcg)": "",
    "RUTIN(mcg)": "",
    "RESVTROL(mcg)": "",
    "SINPAC(mg)": "",
    "SYRAC(mg)": "",
    "VANAC(mg)": "",
    "TAN(mg)": "",
    "GABA(mg)": "",
    "SAPON(mg)": ""
  },
  {
    "": "7",
    "Food Item ID": "600006.0",
    "Country, region": "Malawi, Zomba district",
    "Foodname in own language": "",
    "Foodname in English": "Mango, boiled",
    "Processing": "p",
    "Scientific name": "Mangifera indica",
    "Season": "February/March, 1987",
    "Other": "",
    "n": "",
    "Comments on data processing/methods": "data are expresesd in edile portion ",
    "Publication year": "1989.0",
    "BiblioID": "tu3",
    "Compiler ID": "MS",
    "Latest Revision in Version": "1.1",
    "EDIBLE": "",
    "ENERC(kJ) (original)": "",
    "ENERC(kcal) (original)": "",
    "ENERA(kcal)": "",
    "WATER(g)": "86",
    "XN": "",
    "NT(g)": "",
    "NNP(mg)": "",
    "NPRO(g)": "",
    "PROTCNT(g)": "",
    "PROTCNA(g)": "",
    "PROT-(g)": "",
    "FAT(g)": "",
    "FATCE(g)": "",
    "FAT-(g)": "",
    "FAUN(g)": "",
    "CHOAVLDF(g)": "",
    "CHOCDF(g)": "",
    "CHOAVLM(g)": "",
    "CHO-(g)": "",
    "FIBTG(g)": "",
    "FIBTS(g)": "",
    "FIBAD(g)": "",
    "FIBND(g)": "",
    "FIBC(g)": "",
    "FIB-(g)": "",
    "NSP(g)": "",
    "FIBINS(g)": "",
    "FIBSOL(g)": "",
    "PSACNC(g)": "",
    "CELLU(g)": "",
    "LIGN(g)": "",
    "PECT(g)": "",
    "ASH(g)": "",
    "B(mcg)": "",
    "CA(mg)": "11",
    "CLD(mg)": "",
    "CO(mcg)": "",
    "CR(mcg)": "",
    "CU(mg)": "0.1",
    "FE(mg)": "",
    "K(mg)": "",
    "MG(mg)": "",
    "MN(mg)": "0.22",
    "MO(mcg)": "",
    "NA(mg)": "",
    "NI(mcg)": "",
    "P(mg)": "16",
    "S(mg)": "",
    "SE(mcg)": "",
    "V(mcg)": "",
    "ZN(mg)": "0.1",
    "PB(mcg)": "",
    "NITRA(mg)": "",
    "NITRI(mg)": "",
    "VITA_RAE(mcg)": "",
    "VITA(mcg)": "",
    "VITA-(mcg)": "",
    "CARTBEQ(mcg)": "",
    "CAROT(mcg)": "",
    "CARTA(mcg)": "",
    "CARTB(mcg)": "",
    "CARTBCIS(mcg)": "",
    "CARTG(mcg)": "",
    "CRYPX(mcg)": "",
    "CRYPXA(mcg) ": "",
    "CRYPXB(mcg)": "",
    "LUTN(mcg)": "",
    "LUTNZEA(mcg)": "",
    "LYCPN(mcg)": "",
    "NEUROSP(mcg)": "",
    "VIOLX(mcg)": "",
    "ZEA(mcg)": "",
    "CARTOID(mcg)": "",
    "VITE(mg)": "",
    "TOCPHA(mg)": "",
    "TOCPHG(mg)": "",
    "TOCPHD(mg)": "",
    "TOCTRA(mg)": "",
    "TOCTRD(mg)": "",
    "THIA(mg)": "",
    "RIBF(mg)": "",
    "NIAEQ(mg)": "",
    "NIA(mg)": "",
    "NIA-(mg)": "",
    "FOL(mcg)": "",
    "FOL-(mcg)": "",
    "VITC(mg)": "",
    "ASCL(mg)": "",
    "ASCDL(mg)": "",
    "VITC-(mg)": "",
    "SUGAR(g)": "",
    "SUGARM(g)": "",
    "SUGRD(g)": "",
    "SUGAR-(g)": "",
    "FRUS(g)": "",
    "GALS(g)": "",
    "GLUS(g)": "",
    "RIBS(g)": "",
    "XYLS(g)": "",
    "SUCS(g)": "",
    "MALS(g)": "",
    "AMYS(g)": "",
    "STARCH(g)": "",
    "STARCHM(g)": "",
    "SORTL(mg)": "",
    "WAX(g)": "",
    "FAFRE(g)": "",
    "MGLY(g)": "",
    "DGLY(g)": "",
    "TGLY(g)": "",
    "PHOAC(g)": "",
    "PHOSER(g)": "",
    "PHOETHN(g)": "",
    "PHOINOTL(g)": "",
    "CHLNP(g)": "",
    "XFA (internal use)": "",
    "F10D0(g)": "",
    "F12D0(g)": "",
    "F13D0(g)": "",
    "F14D0(g)": "",
    "F15D0(g)": "",
    "F16D0(g)": "",
    "F17D0(g)": "",
    "F18D0(g)": "",
    "F20D0(g)": "",
    "F21D0(g)": "",
    "F22D0(g)": "",
    "F24D0(g)": "",
    "F14D1(g)": "",
    "F16D1(g)": "",
    "F17D1(g)": "",
    "F18D1N9(g)": "",
    "F18D1(g)": "",
    "F20D1(g)": "",
    "F22D1(g)": "",
    "F24D1(g)": "",
    "F16D2(g)": "",
    "F18D2N6(g)": "",
    "F18D2CN6(g)": "",
    "F18D2(g)": "",
    "F20D2N6(g)": "",
    "F20D2(g)": "",
    "F22D2(g)": "",
    "F18D3N3(g)": "",
    "F18D3CN3(g)": "",
    "F18D3(g)": "",
    "F20D3N6(g)": "",
    "F18D4N3(g)": "",
    "F20D4N6(g)": "",
    "F22D4N6(g)": "",
    "F20D5N3(g)": "",
    "F22D5N3(g)": "",
    "F22D6N3(g)": "",
    "AAT24(mg)": "",
    "AAA(mg)": "",
    "ALA(mg)": "",
    "ARG(mg)": "",
    "ASN(mg)": "",
    "ASP(mg)": "",
    "CYS(mg)": "",
    "GLN(mg)": "",
    "GLU(mg)": "",
    "GLY(mg)": "",
    "HIS(mg)": "",
    "ILE(mg)": "",
    "LEU(mg)": "",
    "LYS(mg)": "",
    "MET(mg)": "",
    "PHE(mg)": "",
    "PRO(mg)": "",
    "SER(mg)": "",
    "THR(mg)": "",
    "TRP(mg)": "",
    "TYR(mg)": "",
    "VAL(mg)": "",
    "ACEAC(mg)": "",
    "MALAC(mg)": "",
    "OXALAC(mg)": "",
    "PHYTAC(mg)": "",
    "QUINAC(mg)": "",
    "SHIKAC(mg)": "",
    "SUCAC(mg)": "",
    "OA(g)": "",
    "ANTCYAN(mcg)": "",
    "CAFFAC(mg)": "",
    "CATEC(mcg)": "",
    "CATECT(mcg)": "",
    "CHLRAC(mg)": "",
    "CINAC(mg)": "",
    "CITAC(mg)": "",
    "ELLAC(mg)": "",
    "EPICATEC(mcg)": "",
    "FLAVD(mcg)": "",
    "FLAVO(mg)": "",
    "FERAC(mg)": "",
    "FUMAC(mg)": "",
    "GALAAC(mg)": "",
    "GALLAC(mg)": "",
    "HESPD(mcg)": "",
    "ISOHA(mcg)": "",
    "KAEMF(mcg)": "",
    "LUTEOL(mcg)": "",
    "MYRIC(mcg)": "",
    "NARING(mcg)": "",
    "PAPOLY(mg)": "",
    "PCHOUAC(mg)": "",
    "PROCYA(mcg)": "",
    "QUERCE(mcg)": "",
    "RUTIN(mcg)": "",
    "RESVTROL(mcg)": "",
    "SINPAC(mg)": "",
    "SYRAC(mg)": "",
    "VANAC(mg)": "",
    "TAN(mg)": "",
    "GABA(mg)": "",
    "SAPON(mg)": ""
  },
  {
    "": "8",
    "Food Item ID": "600007.0",
    "Country, region": "Papua New Guinea, East Sepik, Kaugia Kinjingini",
    "Foodname in own language": "",
    "Foodname in English": "Banana, raw",
    "Processing": "r",
    "Scientific name": "Musa spp.",
    "Season": "February/March, 1987",
    "Other": "",
    "n": "",
    "Comments on data processing/methods": "data are expresesd in edile portion ",
    "Publication year": "1989.0",
    "BiblioID": "tu3",
    "Compiler ID": "MS",
    "Latest Revision in Version": "1.1",
    "EDIBLE": "",
    "ENERC(kJ) (original)": "",
    "ENERC(kcal) (original)": "",
    "ENERA(kcal)": "",
    "WATER(g)": "72",
    "XN": "",
    "NT(g)": "",
    "NNP(mg)": "",
    "NPRO(g)": "",
    "PROTCNT(g)": "",
    "PROTCNA(g)": "",
    "PROT-(g)": "",
    "FAT(g)": "",
    "FATCE(g)": "",
    "FAT-(g)": "",
    "FAUN(g)": "",
    "CHOAVLDF(g)": "",
    "CHOCDF(g)": "",
    "CHOAVLM(g)": "",
    "CHO-(g)": "",
    "FIBTG(g)": "",
    "FIBTS(g)": "",
    "FIBAD(g)": "",
    "FIBND(g)": "",
    "FIBC(g)": "",
    "FIB-(g)": "",
    "NSP(g)": "",
    "FIBINS(g)": "",
    "FIBSOL(g)": "",
    "PSACNC(g)": "",
    "CELLU(g)": "",
    "LIGN(g)": "",
    "PECT(g)": "",
    "ASH(g)": "",
    "B(mcg)": "",
    "CA(mg)": "7",
    "CLD(mg)": "",
    "CO(mcg)": "",
    "CR(mcg)": "",
    "CU(mg)": "0.13",
    "FE(mg)": "",
    "K(mg)": "423",
    "MG(mg)": "36",
    "MN(mg)": "0.15",
    "MO(mcg)": "",
    "NA(mg)": "3",
    "NI(mcg)": "",
    "P(mg)": "27",
    "S(mg)": "",
    "SE(mcg)": "",
    "V(mcg)": "",
    "ZN(mg)": "0.25",
    "PB(mcg)": "",
    "NITRA(mg)": "",
    "NITRI(mg)": "",
    "VITA_RAE(mcg)": "",
    "VITA(mcg)": "",
    "VITA-(mcg)": "",
    "CARTBEQ(mcg)": "",
    "CAROT(mcg)": "",
    "CARTA(mcg)": "",
    "CARTB(mcg)": "",
    "CARTBCIS(mcg)": "",
    "CARTG(mcg)": "",
    "CRYPX(mcg)": "",
    "CRYPXA(mcg) ": "",
    "CRYPXB(mcg)": "",
    "LUTN(mcg)": "",
    "LUTNZEA(mcg)": "",
    "LYCPN(mcg)": "",
    "NEUROSP(mcg)": "",
    "VIOLX(mcg)": "",
    "ZEA(mcg)": "",
    "CARTOID(mcg)": "",
    "VITE(mg)": "",
    "TOCPHA(mg)": "",
    "TOCPHG(mg)": "",
    "TOCPHD(mg)": "",
    "TOCTRA(mg)": "",
    "TOCTRD(mg)": "",
    "THIA(mg)": "",
    "RIBF(mg)": "",
    "NIAEQ(mg)": "",
    "NIA(mg)": "",
    "NIA-(mg)": "",
    "FOL(mcg)": "",
    "FOL-(mcg)": "",
    "VITC(mg)": "",
    "ASCL(mg)": "",
    "ASCDL(mg)": "",
    "VITC-(mg)": "",
    "SUGAR(g)": "",
    "SUGARM(g)": "",
    "SUGRD(g)": "",
    "SUGAR-(g)": "",
    "FRUS(g)": "",
    "GALS(g)": "",
    "GLUS(g)": "",
    "RIBS(g)": "",
    "XYLS(g)": "",
    "SUCS(g)": "",
    "MALS(g)": "",
    "AMYS(g)": "",
    "STARCH(g)": "",
    "STARCHM(g)": "",
    "SORTL(mg)": "",
    "WAX(g)": "",
    "FAFRE(g)": "",
    "MGLY(g)": "",
    "DGLY(g)": "",
    "TGLY(g)": "",
    "PHOAC(g)": "",
    "PHOSER(g)": "",
    "PHOETHN(g)": "",
    "PHOINOTL(g)": "",
    "CHLNP(g)": "",
    "XFA (internal use)": "",
    "F10D0(g)": "",
    "F12D0(g)": "",
    "F13D0(g)": "",
    "F14D0(g)": "",
    "F15D0(g)": "",
    "F16D0(g)": "",
    "F17D0(g)": "",
    "F18D0(g)": "",
    "F20D0(g)": "",
    "F21D0(g)": "",
    "F22D0(g)": "",
    "F24D0(g)": "",
    "F14D1(g)": "",
    "F16D1(g)": "",
    "F17D1(g)": "",
    "F18D1N9(g)": "",
    "F18D1(g)": "",
    "F20D1(g)": "",
    "F22D1(g)": "",
    "F24D1(g)": "",
    "F16D2(g)": "",
    "F18D2N6(g)": "",
    "F18D2CN6(g)": "",
    "F18D2(g)": "",
    "F20D2N6(g)": "",
    "F20D2(g)": "",
    "F22D2(g)": "",
    "F18D3N3(g)": "",
    "F18D3CN3(g)": "",
    "F18D3(g)": "",
    "F20D3N6(g)": "",
    "F18D4N3(g)": "",
    "F20D4N6(g)": "",
    "F22D4N6(g)": "",
    "F20D5N3(g)": "",
    "F22D5N3(g)": "",
    "F22D6N3(g)": "",
    "AAT24(mg)": "",
    "AAA(mg)": "",
    "ALA(mg)": "",
    "ARG(mg)": "",
    "ASN(mg)": "",
    "ASP(mg)": "",
    "CYS(mg)": "",
    "GLN(mg)": "",
    "GLU(mg)": "",
    "GLY(mg)": "",
    "HIS(mg)": "",
    "ILE(mg)": "",
    "LEU(mg)": "",
    "LYS(mg)": "",
    "MET(mg)": "",
    "PHE(mg)": "",
    "PRO(mg)": "",
    "SER(mg)": "",
    "THR(mg)": "",
    "TRP(mg)": "",
    "TYR(mg)": "",
    "VAL(mg)": "",
    "ACEAC(mg)": "",
    "MALAC(mg)": "",
    "OXALAC(mg)": "",
    "PHYTAC(mg)": "",
    "QUINAC(mg)": "",
    "SHIKAC(mg)": "",
    "SUCAC(mg)": "",
    "OA(g)": "",
    "ANTCYAN(mcg)": "",
    "CAFFAC(mg)": "",
    "CATEC(mcg)": "",
    "CATECT(mcg)": "",
    "CHLRAC(mg)": "",
    "CINAC(mg)": "",
    "CITAC(mg)": "",
    "ELLAC(mg)": "",
    "EPICATEC(mcg)": "",
    "FLAVD(mcg)": "",
    "FLAVO(mg)": "",
    "FERAC(mg)": "",
    "FUMAC(mg)": "",
    "GALAAC(mg)": "",
    "GALLAC(mg)": "",
    "HESPD(mcg)": "",
    "ISOHA(mcg)": "",
    "KAEMF(mcg)": "",
    "LUTEOL(mcg)": "",
    "MYRIC(mcg)": "",
    "NARING(mcg)": "",
    "PAPOLY(mg)": "",
    "PCHOUAC(mg)": "",
    "PROCYA(mcg)": "",
    "QUERCE(mcg)": "",
    "RUTIN(mcg)": "",
    "RESVTROL(mcg)": "",
    "SINPAC(mg)": "",
    "SYRAC(mg)": "",
    "VANAC(mg)": "",
    "TAN(mg)": "",
    "GABA(mg)": "",
    "SAPON(mg)": ""
  },
  {
    "": "9",
    "Food Item ID": "600008.0",
    "Country, region": "Papua New Guinea, East Sepik, Kaugia Kinjingini",
    "Foodname in own language": "",
    "Foodname in English": "Guavas, raw",
    "Processing": "r",
    "Scientific name": "Psidium guajava",
    "Season": "February/March, 1987",
    "Other": "",
    "n": "",
    "Comments on data processing/methods": "data are expresesd in edile portion ",
    "Publication year": "1989.0",
    "BiblioID": "tu3",
    "Compiler ID": "MS",
    "Latest Revision in Version": "1.1",
    "EDIBLE": "",
    "ENERC(kJ) (original)": "",
    "ENERC(kcal) (original)": "",
    "ENERA(kcal)": "",
    "WATER(g)": "84",
    "XN": "",
    "NT(g)": "",
    "NNP(mg)": "",
    "NPRO(g)": "",
    "PROTCNT(g)": "",
    "PROTCNA(g)": "",
    "PROT-(g)": "",
    "FAT(g)": "",
    "FATCE(g)": "",
    "FAT-(g)": "",
    "FAUN(g)": "",
    "CHOAVLDF(g)": "",
    "CHOCDF(g)": "",
    "CHOAVLM(g)": "",
    "CHO-(g)": "",
    "FIBTG(g)": "",
    "FIBTS(g)": "",
    "FIBAD(g)": "",
    "FIBND(g)": "",
    "FIBC(g)": "",
    "FIB-(g)": "",
    "NSP(g)": "",
    "FIBINS(g)": "",
    "FIBSOL(g)": "",
    "PSACNC(g)": "",
    "CELLU(g)": "",
    "LIGN(g)": "",
    "PECT(g)": "",
    "ASH(g)": "",
    "B(mcg)": "",
    "CA(mg)": "17",
    "CLD(mg)": "",
    "CO(mcg)": "",
    "CR(mcg)": "",
    "CU(mg)": "0.12",
    "FE(mg)": "",
    "K(mg)": "343",
    "MG(mg)": "27",
    "MN(mg)": "0.1",
    "MO(mcg)": "",
    "NA(mg)": "4",
    "NI(mcg)": "",
    "P(mg)": "36",
    "S(mg)": "",
    "SE(mcg)": "",
    "V(mcg)": "",
    "ZN(mg)": "0.21",
    "PB(mcg)": "",
    "NITRA(mg)": "",
    "NITRI(mg)": "",
    "VITA_RAE(mcg)": "",
    "VITA(mcg)": "",
    "VITA-(mcg)": "",
    "CARTBEQ(mcg)": "",
    "CAROT(mcg)": "",
    "CARTA(mcg)": "",
    "CARTB(mcg)": "",
    "CARTBCIS(mcg)": "",
    "CARTG(mcg)": "",
    "CRYPX(mcg)": "",
    "CRYPXA(mcg) ": "",
    "CRYPXB(mcg)": "",
    "LUTN(mcg)": "",
    "LUTNZEA(mcg)": "",
    "LYCPN(mcg)": "",
    "NEUROSP(mcg)": "",
    "VIOLX(mcg)": "",
    "ZEA(mcg)": "",
    "CARTOID(mcg)": "",
    "VITE(mg)": "",
    "TOCPHA(mg)": "",
    "TOCPHG(mg)": "",
    "TOCPHD(mg)": "",
    "TOCTRA(mg)": "",
    "TOCTRD(mg)": "",
    "THIA(mg)": "",
    "RIBF(mg)": "",
    "NIAEQ(mg)": "",
    "NIA(mg)": "",
    "NIA-(mg)": "",
    "FOL(mcg)": "",
    "FOL-(mcg)": "",
    "VITC(mg)": "",
    "ASCL(mg)": "",
    "ASCDL(mg)": "",
    "VITC-(mg)": "",
    "SUGAR(g)": "",
    "SUGARM(g)": "",
    "SUGRD(g)": "",
    "SUGAR-(g)": "",
    "FRUS(g)": "",
    "GALS(g)": "",
    "GLUS(g)": "",
    "RIBS(g)": "",
    "XYLS(g)": "",
    "SUCS(g)": "",
    "MALS(g)": "",
    "AMYS(g)": "",
    "STARCH(g)": "",
    "STARCHM(g)": "",
    "SORTL(mg)": "",
    "WAX(g)": "",
    "FAFRE(g)": "",
    "MGLY(g)": "",
    "DGLY(g)": "",
    "TGLY(g)": "",
    "PHOAC(g)": "",
    "PHOSER(g)": "",
    "PHOETHN(g)": "",
    "PHOINOTL(g)": "",
    "CHLNP(g)": "",
    "XFA (internal use)": "",
    "F10D0(g)": "",
    "F12D0(g)": "",
    "F13D0(g)": "",
    "F14D0(g)": "",
    "F15D0(g)": "",
    "F16D0(g)": "",
    "F17D0(g)": "",
    "F18D0(g)": "",
    "F20D0(g)": "",
    "F21D0(g)": "",
    "F22D0(g)": "",
    "F24D0(g)": "",
    "F14D1(g)": "",
    "F16D1(g)": "",
    "F17D1(g)": "",
    "F18D1N9(g)": "",
    "F18D1(g)": "",
    "F20D1(g)": "",
    "F22D1(g)": "",
    "F24D1(g)": "",
    "F16D2(g)": "",
    "F18D2N6(g)": "",
    "F18D2CN6(g)": "",
    "F18D2(g)": "",
    "F20D2N6(g)": "",
    "F20D2(g)": "",
    "F22D2(g)": "",
    "F18D3N3(g)": "",
    "F18D3CN3(g)": "",
    "F18D3(g)": "",
    "F20D3N6(g)": "",
    "F18D4N3(g)": "",
    "F20D4N6(g)": "",
    "F22D4N6(g)": "",
    "F20D5N3(g)": "",
    "F22D5N3(g)": "",
    "F22D6N3(g)": "",
    "AAT24(mg)": "",
    "AAA(mg)": "",
    "ALA(mg)": "",
    "ARG(mg)": "",
    "ASN(mg)": "",
    "ASP(mg)": "",
    "CYS(mg)": "",
    "GLN(mg)": "",
    "GLU(mg)": "",
    "GLY(mg)": "",
    "HIS(mg)": "",
    "ILE(mg)": "",
    "LEU(mg)": "",
    "LYS(mg)": "",
    "MET(mg)": "",
    "PHE(mg)": "",
    "PRO(mg)": "",
    "SER(mg)": "",
    "THR(mg)": "",
    "TRP(mg)": "",
    "TYR(mg)": "",
    "VAL(mg)": "",
    "ACEAC(mg)": "",
    "MALAC(mg)": "",
    "OXALAC(mg)": "",
    "PHYTAC(mg)": "",
    "QUINAC(mg)": "",
    "SHIKAC(mg)": "",
    "SUCAC(mg)": "",
    "OA(g)": "",
    "ANTCYAN(mcg)": "",
    "CAFFAC(mg)": "",
    "CATEC(mcg)": "",
    "CATECT(mcg)": "",
    "CHLRAC(mg)": "",
    "CINAC(mg)": "",
    "CITAC(mg)": "",
    "ELLAC(mg)": "",
    "EPICATEC(mcg)": "",
    "FLAVD(mcg)": "",
    "FLAVO(mg)": "",
    "FERAC(mg)": "",
    "FUMAC(mg)": "",
    "GALAAC(mg)": "",
    "GALLAC(mg)": "",
    "HESPD(mcg)": "",
    "ISOHA(mcg)": "",
    "KAEMF(mcg)": "",
    "LUTEOL(mcg)": "",
    "MYRIC(mcg)": "",
    "NARING(mcg)": "",
    "PAPOLY(mg)": "",
    "PCHOUAC(mg)": "",
    "PROCYA(mcg)": "",
    "QUERCE(mcg)": "",
    "RUTIN(mcg)": "",
    "RESVTROL(mcg)": "",
    "SINPAC(mg)": "",
    "SYRAC(mg)": "",
    "VANAC(mg)": "",
    "TAN(mg)": "",
    "GABA(mg)": "",
    "SAPON(mg)": ""
  },
  {
    "": "10",
    "Food Item ID": "600009.0",
    "Country, region": "Papua New Guinea, East Sepik, Kaugia Kinjingini",
    "Foodname in own language": "",
    "Foodname in English": "Bread fruit, seeds, raw",
    "Processing": "r",
    "Scientific name": "Artocarpus altilis",
    "Season": "February/March, 1987",
    "Other": "",
    "n": "",
    "Comments on data processing/methods": "data are expresesd in edile portion ",
    "Publication year": "1989.0",
    "BiblioID": "tu3",
    "Compiler ID": "MS",
    "Latest Revision in Version": "1.1",
    "EDIBLE": "",
    "ENERC(kJ) (original)": "",
    "ENERC(kcal) (original)": "",
    "ENERA(kcal)": "",
    "WATER(g)": "59",
    "XN": "",
    "NT(g)": "",
    "NNP(mg)": "",
    "NPRO(g)": "",
    "PROTCNT(g)": "",
    "PROTCNA(g)": "",
    "PROT-(g)": "",
    "FAT(g)": "",
    "FATCE(g)": "",
    "FAT-(g)": "",
    "FAUN(g)": "",
    "CHOAVLDF(g)": "",
    "CHOCDF(g)": "",
    "CHOAVLM(g)": "",
    "CHO-(g)": "",
    "FIBTG(g)": "",
    "FIBTS(g)": "",
    "FIBAD(g)": "",
    "FIBND(g)": "",
    "FIBC(g)": "",
    "FIB-(g)": "",
    "NSP(g)": "",
    "FIBINS(g)": "",
    "FIBSOL(g)": "",
    "PSACNC(g)": "",
    "CELLU(g)": "",
    "LIGN(g)": "",
    "PECT(g)": "",
    "ASH(g)": "",
    "B(mcg)": "",
    "CA(mg)": "44",
    "CLD(mg)": "",
    "CO(mcg)": "",
    "CR(mcg)": "",
    "CU(mg)": "0.23",
    "FE(mg)": "",
    "K(mg)": "527",
    "MG(mg)": "71",
    "MN(mg)": "0.12",
    "MO(mcg)": "",
    "NA(mg)": "4",
    "NI(mcg)": "",
    "P(mg)": "136",
    "S(mg)": "",
    "SE(mcg)": "",
    "V(mcg)": "",
    "ZN(mg)": "0.36",
    "PB(mcg)": "",
    "NITRA(mg)": "",
    "NITRI(mg)": "",
    "VITA_RAE(mcg)": "",
    "VITA(mcg)": "",
    "VITA-(mcg)": "",
    "CARTBEQ(mcg)": "",
    "CAROT(mcg)": "",
    "CARTA(mcg)": "",
    "CARTB(mcg)": "",
    "CARTBCIS(mcg)": "",
    "CARTG(mcg)": "",
    "CRYPX(mcg)": "",
    "CRYPXA(mcg) ": "",
    "CRYPXB(mcg)": "",
    "LUTN(mcg)": "",
    "LUTNZEA(mcg)": "",
    "LYCPN(mcg)": "",
    "NEUROSP(mcg)": "",
    "VIOLX(mcg)": "",
    "ZEA(mcg)": "",
    "CARTOID(mcg)": "",
    "VITE(mg)": "",
    "TOCPHA(mg)": "",
    "TOCPHG(mg)": "",
    "TOCPHD(mg)": "",
    "TOCTRA(mg)": "",
    "TOCTRD(mg)": "",
    "THIA(mg)": "",
    "RIBF(mg)": "",
    "NIAEQ(mg)": "",
    "NIA(mg)": "",
    "NIA-(mg)": "",
    "FOL(mcg)": "",
    "FOL-(mcg)": "",
    "VITC(mg)": "",
    "ASCL(mg)": "",
    "ASCDL(mg)": "",
    "VITC-(mg)": "",
    "SUGAR(g)": "",
    "SUGARM(g)": "",
    "SUGRD(g)": "",
    "SUGAR-(g)": "",
    "FRUS(g)": "",
    "GALS(g)": "",
    "GLUS(g)": "",
    "RIBS(g)": "",
    "XYLS(g)": "",
    "SUCS(g)": "",
    "MALS(g)": "",
    "AMYS(g)": "",
    "STARCH(g)": "",
    "STARCHM(g)": "",
    "SORTL(mg)": "",
    "WAX(g)": "",
    "FAFRE(g)": "",
    "MGLY(g)": "",
    "DGLY(g)": "",
    "TGLY(g)": "",
    "PHOAC(g)": "",
    "PHOSER(g)": "",
    "PHOETHN(g)": "",
    "PHOINOTL(g)": "",
    "CHLNP(g)": "",
    "XFA (internal use)": "",
    "F10D0(g)": "",
    "F12D0(g)": "",
    "F13D0(g)": "",
    "F14D0(g)": "",
    "F15D0(g)": "",
    "F16D0(g)": "",
    "F17D0(g)": "",
    "F18D0(g)": "",
    "F20D0(g)": "",
    "F21D0(g)": "",
    "F22D0(g)": "",
    "F24D0(g)": "",
    "F14D1(g)": "",
    "F16D1(g)": "",
    "F17D1(g)": "",
    "F18D1N9(g)": "",
    "F18D1(g)": "",
    "F20D1(g)": "",
    "F22D1(g)": "",
    "F24D1(g)": "",
    "F16D2(g)": "",
    "F18D2N6(g)": "",
    "F18D2CN6(g)": "",
    "F18D2(g)": "",
    "F20D2N6(g)": "",
    "F20D2(g)": "",
    "F22D2(g)": "",
    "F18D3N3(g)": "",
    "F18D3CN3(g)": "",
    "F18D3(g)": "",
    "F20D3N6(g)": "",
    "F18D4N3(g)": "",
    "F20D4N6(g)": "",
    "F22D4N6(g)": "",
    "F20D5N3(g)": "",
    "F22D5N3(g)": "",
    "F22D6N3(g)": "",
    "AAT24(mg)": "",
    "AAA(mg)": "",
    "ALA(mg)": "",
    "ARG(mg)": "",
    "ASN(mg)": "",
    "ASP(mg)": "",
    "CYS(mg)": "",
    "GLN(mg)": "",
    "GLU(mg)": "",
    "GLY(mg)": "",
    "HIS(mg)": "",
    "ILE(mg)": "",
    "LEU(mg)": "",
    "LYS(mg)": "",
    "MET(mg)": "",
    "PHE(mg)": "",
    "PRO(mg)": "",
    "SER(mg)": "",
    "THR(mg)": "",
    "TRP(mg)": "",
    "TYR(mg)": "",
    "VAL(mg)": "",
    "ACEAC(mg)": "",
    "MALAC(mg)": "",
    "OXALAC(mg)": "",
    "PHYTAC(mg)": "",
    "QUINAC(mg)": "",
    "SHIKAC(mg)": "",
    "SUCAC(mg)": "",
    "OA(g)": "",
    "ANTCYAN(mcg)": "",
    "CAFFAC(mg)": "",
    "CATEC(mcg)": "",
    "CATECT(mcg)": "",
    "CHLRAC(mg)": "",
    "CINAC(mg)": "",
    "CITAC(mg)": "",
    "ELLAC(mg)": "",
    "EPICATEC(mcg)": "",
    "FLAVD(mcg)": "",
    "FLAVO(mg)": "",
    "FERAC(mg)": "",
    "FUMAC(mg)": "",
    "GALAAC(mg)": "",
    "GALLAC(mg)": "",
    "HESPD(mcg)": "",
    "ISOHA(mcg)": "",
    "KAEMF(mcg)": "",
    "LUTEOL(mcg)": "",
    "MYRIC(mcg)": "",
    "NARING(mcg)": "",
    "PAPOLY(mg)": "",
    "PCHOUAC(mg)": "",
    "PROCYA(mcg)": "",
    "QUERCE(mcg)": "",
    "RUTIN(mcg)": "",
    "RESVTROL(mcg)": "",
    "SINPAC(mg)": "",
    "SYRAC(mg)": "",
    "VANAC(mg)": "",
    "TAN(mg)": "",
    "GABA(mg)": "",
    "SAPON(mg)": ""
  },
  {
    "": "11",
    "Food Item ID": "600010.0",
    "Country, region": "Papua New Guinea, East Sepik, Kaugia Kinjingini",
    "Foodname in own language": "",
    "Foodname in English": "Coconut, raw",
    "Processing": "r",
    "Scientific name": "Cocus nucifera",
    "Season": "February/March, 1987",
    "Other": "",
    "n": "",
    "Comments on data processing/methods": "data are expresesd in edile portion ",
    "Publication year": "1989.0",
    "BiblioID": "tu3",
    "Compiler ID": "MS",
    "Latest Revision in Version": "1.1",
    "EDIBLE": "",
    "ENERC(kJ) (original)": "",
    "ENERC(kcal) (original)": "",
    "ENERA(kcal)": "",
    "WATER(g)": "70",
    "XN": "",
    "NT(g)": "",
    "NNP(mg)": "",
    "NPRO(g)": "",
    "PROTCNT(g)": "",
    "PROTCNA(g)": "",
    "PROT-(g)": "",
    "FAT(g)": "",
    "FATCE(g)": "",
    "FAT-(g)": "",
    "FAUN(g)": "",
    "CHOAVLDF(g)": "",
    "CHOCDF(g)": "",
    "CHOAVLM(g)": "",
    "CHO-(g)": "",
    "FIBTG(g)": "",
    "FIBTS(g)": "",
    "FIBAD(g)": "",
    "FIBND(g)": "",
    "FIBC(g)": "",
    "FIB-(g)": "",
    "NSP(g)": "",
    "FIBINS(g)": "",
    "FIBSOL(g)": "",
    "PSACNC(g)": "",
    "CELLU(g)": "",
    "LIGN(g)": "",
    "PECT(g)": "",
    "ASH(g)": "",
    "B(mcg)": "",
    "CA(mg)": "5",
    "CLD(mg)": "",
    "CO(mcg)": "",
    "CR(mcg)": "",
    "CU(mg)": "0.24",
    "FE(mg)": "",
    "K(mg)": "335",
    "MG(mg)": "33",
    "MN(mg)": "0.25",
    "MO(mcg)": "",
    "NA(mg)": "Tr",
    "NI(mcg)": "",
    "P(mg)": "55",
    "S(mg)": "",
    "SE(mcg)": "",
    "V(mcg)": "",
    "ZN(mg)": "0.45",
    "PB(mcg)": "",
    "NITRA(mg)": "",
    "NITRI(mg)": "",
    "VITA_RAE(mcg)": "",
    "VITA(mcg)": "",
    "VITA-(mcg)": "",
    "CARTBEQ(mcg)": "",
    "CAROT(mcg)": "",
    "CARTA(mcg)": "",
    "CARTB(mcg)": "",
    "CARTBCIS(mcg)": "",
    "CARTG(mcg)": "",
    "CRYPX(mcg)": "",
    "CRYPXA(mcg) ": "",
    "CRYPXB(mcg)": "",
    "LUTN(mcg)": "",
    "LUTNZEA(mcg)": "",
    "LYCPN(mcg)": "",
    "NEUROSP(mcg)": "",
    "VIOLX(mcg)": "",
    "ZEA(mcg)": "",
    "CARTOID(mcg)": "",
    "VITE(mg)": "",
    "TOCPHA(mg)": "",
    "TOCPHG(mg)": "",
    "TOCPHD(mg)": "",
    "TOCTRA(mg)": "",
    "TOCTRD(mg)": "",
    "THIA(mg)": "",
    "RIBF(mg)": "",
    "NIAEQ(mg)": "",
    "NIA(mg)": "",
    "NIA-(mg)": "",
    "FOL(mcg)": "",
    "FOL-(mcg)": "",
    "VITC(mg)": "",
    "ASCL(mg)": "",
    "ASCDL(mg)": "",
    "VITC-(mg)": "",
    "SUGAR(g)": "",
    "SUGARM(g)": "",
    "SUGRD(g)": "",
    "SUGAR-(g)": "",
    "FRUS(g)": "",
    "GALS(g)": "",
    "GLUS(g)": "",
    "RIBS(g)": "",
    "XYLS(g)": "",
    "SUCS(g)": "",
    "MALS(g)": "",
    "AMYS(g)": "",
    "STARCH(g)": "",
    "STARCHM(g)": "",
    "SORTL(mg)": "",
    "WAX(g)": "",
    "FAFRE(g)": "",
    "MGLY(g)": "",
    "DGLY(g)": "",
    "TGLY(g)": "",
    "PHOAC(g)": "",
    "PHOSER(g)": "",
    "PHOETHN(g)": "",
    "PHOINOTL(g)": "",
    "CHLNP(g)": "",
    "XFA (internal use)": "",
    "F10D0(g)": "",
    "F12D0(g)": "",
    "F13D0(g)": "",
    "F14D0(g)": "",
    "F15D0(g)": "",
    "F16D0(g)": "",
    "F17D0(g)": "",
    "F18D0(g)": "",
    "F20D0(g)": "",
    "F21D0(g)": "",
    "F22D0(g)": "",
    "F24D0(g)": "",
    "F14D1(g)": "",
    "F16D1(g)": "",
    "F17D1(g)": "",
    "F18D1N9(g)": "",
    "F18D1(g)": "",
    "F20D1(g)": "",
    "F22D1(g)": "",
    "F24D1(g)": "",
    "F16D2(g)": "",
    "F18D2N6(g)": "",
    "F18D2CN6(g)": "",
    "F18D2(g)": "",
    "F20D2N6(g)": "",
    "F20D2(g)": "",
    "F22D2(g)": "",
    "F18D3N3(g)": "",
    "F18D3CN3(g)": "",
    "F18D3(g)": "",
    "F20D3N6(g)": "",
    "F18D4N3(g)": "",
    "F20D4N6(g)": "",
    "F22D4N6(g)": "",
    "F20D5N3(g)": "",
    "F22D5N3(g)": "",
    "F22D6N3(g)": "",
    "AAT24(mg)": "",
    "AAA(mg)": "",
    "ALA(mg)": "",
    "ARG(mg)": "",
    "ASN(mg)": "",
    "ASP(mg)": "",
    "CYS(mg)": "",
    "GLN(mg)": "",
    "GLU(mg)": "",
    "GLY(mg)": "",
    "HIS(mg)": "",
    "ILE(mg)": "",
    "LEU(mg)": "",
    "LYS(mg)": "",
    "MET(mg)": "",
    "PHE(mg)": "",
    "PRO(mg)": "",
    "SER(mg)": "",
    "THR(mg)": "",
    "TRP(mg)": "",
    "TYR(mg)": "",
    "VAL(mg)": "",
    "ACEAC(mg)": "",
    "MALAC(mg)": "",
    "OXALAC(mg)": "",
    "PHYTAC(mg)": "",
    "QUINAC(mg)": "",
    "SHIKAC(mg)": "",
    "SUCAC(mg)": "",
    "OA(g)": "",
    "ANTCYAN(mcg)": "",
    "CAFFAC(mg)": "",
    "CATEC(mcg)": "",
    "CATECT(mcg)": "",
    "CHLRAC(mg)": "",
    "CINAC(mg)": "",
    "CITAC(mg)": "",
    "ELLAC(mg)": "",
    "EPICATEC(mcg)": "",
    "FLAVD(mcg)": "",
    "FLAVO(mg)": "",
    "FERAC(mg)": "",
    "FUMAC(mg)": "",
    "GALAAC(mg)": "",
    "GALLAC(mg)": "",
    "HESPD(mcg)": "",
    "ISOHA(mcg)": "",
    "KAEMF(mcg)": "",
    "LUTEOL(mcg)": "",
    "MYRIC(mcg)": "",
    "NARING(mcg)": "",
    "PAPOLY(mg)": "",
    "PCHOUAC(mg)": "",
    "PROCYA(mcg)": "",
    "QUERCE(mcg)": "",
    "RUTIN(mcg)": "",
    "RESVTROL(mcg)": "",
    "SINPAC(mg)": "",
    "SYRAC(mg)": "",
    "VANAC(mg)": "",
    "TAN(mg)": "",
    "GABA(mg)": "",
    "SAPON(mg)": ""
  },
  {
    "": "12",
    "Food Item ID": "600011.0",
    "Country, region": "Papua New Guinea, East Sepik, Kaugia Kinjingini",
    "Foodname in own language": "",
    "Foodname in English": "Kwambi figs, raw",
    "Processing": "r",
    "Scientific name": "Ficus spp.",
    "Season": "February/March, 1987",
    "Other": "",
    "n": "",
    "Comments on data processing/methods": "data are expresesd in edile portion ",
    "Publication year": "1989.0",
    "BiblioID": "tu3",
    "Compiler ID": "MS",
    "Latest Revision in Version": "1.1",
    "EDIBLE": "",
    "ENERC(kJ) (original)": "",
    "ENERC(kcal) (original)": "",
    "ENERA(kcal)": "",
    "WATER(g)": "89",
    "XN": "",
    "NT(g)": "",
    "NNP(mg)": "",
    "NPRO(g)": "",
    "PROTCNT(g)": "",
    "PROTCNA(g)": "",
    "PROT-(g)": "",
    "FAT(g)": "",
    "FATCE(g)": "",
    "FAT-(g)": "",
    "FAUN(g)": "",
    "CHOAVLDF(g)": "",
    "CHOCDF(g)": "",
    "CHOAVLM(g)": "",
    "CHO-(g)": "",
    "FIBTG(g)": "",
    "FIBTS(g)": "",
    "FIBAD(g)": "",
    "FIBND(g)": "",
    "FIBC(g)": "",
    "FIB-(g)": "",
    "NSP(g)": "",
    "FIBINS(g)": "",
    "FIBSOL(g)": "",
    "PSACNC(g)": "",
    "CELLU(g)": "",
    "LIGN(g)": "",
    "PECT(g)": "",
    "ASH(g)": "",
    "B(mcg)": "",
    "CA(mg)": "",
    "CLD(mg)": "",
    "CO(mcg)": "",
    "CR(mcg)": "",
    "CU(mg)": "0.07",
    "FE(mg)": "",
    "K(mg)": "",
    "MG(mg)": "",
    "MN(mg)": "0.13",
    "MO(mcg)": "",
    "NA(mg)": "",
    "NI(mcg)": "",
    "P(mg)": "",
    "S(mg)": "",
    "SE(mcg)": "",
    "V(mcg)": "",
    "ZN(mg)": "0.28",
    "PB(mcg)": "",
    "NITRA(mg)": "",
    "NITRI(mg)": "",
    "VITA_RAE(mcg)": "",
    "VITA(mcg)": "",
    "VITA-(mcg)": "",
    "CARTBEQ(mcg)": "",
    "CAROT(mcg)": "",
    "CARTA(mcg)": "",
    "CARTB(mcg)": "",
    "CARTBCIS(mcg)": "",
    "CARTG(mcg)": "",
    "CRYPX(mcg)": "",
    "CRYPXA(mcg) ": "",
    "CRYPXB(mcg)": "",
    "LUTN(mcg)": "",
    "LUTNZEA(mcg)": "",
    "LYCPN(mcg)": "",
    "NEUROSP(mcg)": "",
    "VIOLX(mcg)": "",
    "ZEA(mcg)": "",
    "CARTOID(mcg)": "",
    "VITE(mg)": "",
    "TOCPHA(mg)": "",
    "TOCPHG(mg)": "",
    "TOCPHD(mg)": "",
    "TOCTRA(mg)": "",
    "TOCTRD(mg)": "",
    "THIA(mg)": "",
    "RIBF(mg)": "",
    "NIAEQ(mg)": "",
    "NIA(mg)": "",
    "NIA-(mg)": "",
    "FOL(mcg)": "",
    "FOL-(mcg)": "",
    "VITC(mg)": "",
    "ASCL(mg)": "",
    "ASCDL(mg)": "",
    "VITC-(mg)": "",
    "SUGAR(g)": "",
    "SUGARM(g)": "",
    "SUGRD(g)": "",
    "SUGAR-(g)": "",
    "FRUS(g)": "",
    "GALS(g)": "",
    "GLUS(g)": "",
    "RIBS(g)": "",
    "XYLS(g)": "",
    "SUCS(g)": "",
    "MALS(g)": "",
    "AMYS(g)": "",
    "STARCH(g)": "",
    "STARCHM(g)": "",
    "SORTL(mg)": "",
    "WAX(g)": "",
    "FAFRE(g)": "",
    "MGLY(g)": "",
    "DGLY(g)": "",
    "TGLY(g)": "",
    "PHOAC(g)": "",
    "PHOSER(g)": "",
    "PHOETHN(g)": "",
    "PHOINOTL(g)": "",
    "CHLNP(g)": "",
    "XFA (internal use)": "",
    "F10D0(g)": "",
    "F12D0(g)": "",
    "F13D0(g)": "",
    "F14D0(g)": "",
    "F15D0(g)": "",
    "F16D0(g)": "",
    "F17D0(g)": "",
    "F18D0(g)": "",
    "F20D0(g)": "",
    "F21D0(g)": "",
    "F22D0(g)": "",
    "F24D0(g)": "",
    "F14D1(g)": "",
    "F16D1(g)": "",
    "F17D1(g)": "",
    "F18D1N9(g)": "",
    "F18D1(g)": "",
    "F20D1(g)": "",
    "F22D1(g)": "",
    "F24D1(g)": "",
    "F16D2(g)": "",
    "F18D2N6(g)": "",
    "F18D2CN6(g)": "",
    "F18D2(g)": "",
    "F20D2N6(g)": "",
    "F20D2(g)": "",
    "F22D2(g)": "",
    "F18D3N3(g)": "",
    "F18D3CN3(g)": "",
    "F18D3(g)": "",
    "F20D3N6(g)": "",
    "F18D4N3(g)": "",
    "F20D4N6(g)": "",
    "F22D4N6(g)": "",
    "F20D5N3(g)": "",
    "F22D5N3(g)": "",
    "F22D6N3(g)": "",
    "AAT24(mg)": "",
    "AAA(mg)": "",
    "ALA(mg)": "",
    "ARG(mg)": "",
    "ASN(mg)": "",
    "ASP(mg)": "",
    "CYS(mg)": "",
    "GLN(mg)": "",
    "GLU(mg)": "",
    "GLY(mg)": "",
    "HIS(mg)": "",
    "ILE(mg)": "",
    "LEU(mg)": "",
    "LYS(mg)": "",
    "MET(mg)": "",
    "PHE(mg)": "",
    "PRO(mg)": "",
    "SER(mg)": "",
    "THR(mg)": "",
    "TRP(mg)": "",
    "TYR(mg)": "",
    "VAL(mg)": "",
    "ACEAC(mg)": "",
    "MALAC(mg)": "",
    "OXALAC(mg)": "",
    "PHYTAC(mg)": "",
    "QUINAC(mg)": "",
    "SHIKAC(mg)": "",
    "SUCAC(mg)": "",
    "OA(g)": "",
    "ANTCYAN(mcg)": "",
    "CAFFAC(mg)": "",
    "CATEC(mcg)": "",
    "CATECT(mcg)": "",
    "CHLRAC(mg)": "",
    "CINAC(mg)": "",
    "CITAC(mg)": "",
    "ELLAC(mg)": "",
    "EPICATEC(mcg)": "",
    "FLAVD(mcg)": "",
    "FLAVO(mg)": "",
    "FERAC(mg)": "",
    "FUMAC(mg)": "",
    "GALAAC(mg)": "",
    "GALLAC(mg)": "",
    "HESPD(mcg)": "",
    "ISOHA(mcg)": "",
    "KAEMF(mcg)": "",
    "LUTEOL(mcg)": "",
    "MYRIC(mcg)": "",
    "NARING(mcg)": "",
    "PAPOLY(mg)": "",
    "PCHOUAC(mg)": "",
    "PROCYA(mcg)": "",
    "QUERCE(mcg)": "",
    "RUTIN(mcg)": "",
    "RESVTROL(mcg)": "",
    "SINPAC(mg)": "",
    "SYRAC(mg)": "",
    "VANAC(mg)": "",
    "TAN(mg)": "",
    "GABA(mg)": "",
    "SAPON(mg)": ""
  }
]